Store,Product,Cost_Txn
Store_1,Product_1,17.04
Store_2,Product_2,24.92
Store_3,Product_3,96.87
Store_4,Product_4,2.54
Store_5,Product_5,59.35
Store_1,Product_6,90.36
Store_2,Product_7,30.83
Store_3,Product_8,86.27
Store_4,Product_9,48.68
Store_5,Product_10,31.87
Store_1,Product_11,38.06
Store_2,Product_12,62.66
Store_3,Product_13,83.89
Store_4,Product_14,89.58
Store_5,Product_15,45.11
Store_1,Product_16,60.39
Store_2,Product_17,46.65
Store_3,Product_18,97.38
Store_4,Product_19,96.0
Store_5,Product_20,74.29
Store_1,Product_21,24.0
Store_2,Product_22,73.54
Store_3,Product_23,47.6
Store_4,Product_24,86.27
Store_5,Product_25,19.43
Store_1,Product_26,40.0
Store_2,Product_27,48.8
Store_3,Product_28,28.28
Store_4,Product_29,81.98
Store_5,Product_30,58.68
Store_1,Product_31,91.51
Store_2,Product_32,23.21
Store_3,Product_33,87.86
Store_4,Product_34,8.41
Store_5,Product_35,78.03
Store_1,Product_36,48.94
Store_2,Product_37,9.69
Store_3,Product_38,11.69
Store_4,Product_39,7.2
Store_5,Product_40,24.03
Store_1,Product_41,20.87
Store_2,Product_42,59.68
Store_3,Product_43,95.3
Store_4,Product_44,35.06
Store_5,Product_45,6.35
Store_1,Product_46,40.43
Store_2,Product_47,18.36
Store_3,Product_48,32.75
Store_4,Product_49,81.27
Store_5,Product_50,75.6
Store_1,Product_51,87.47
Store_2,Product_52,13.52
Store_3,Product_53,46.88
Store_4,Product_54,47.58
Store_5,Product_55,57.32
Store_1,Product_56,57.69
Store_2,Product_57,34.8
Store_3,Product_58,32.47
Store_4,Product_59,18.21
Store_5,Product_60,64.2
Store_1,Product_61,89.28
Store_2,Product_62,2.75
Store_3,Product_63,45.96
Store_4,Product_64,3.99
Store_5,Product_65,17.48
Store_1,Product_66,89.43
Store_2,Product_67,95.94
Store_3,Product_68,50.29
Store_4,Product_69,13.28
Store_5,Product_70,85.32
Store_1,Product_71,49.83
Store_2,Product_72,4.58
Store_3,Product_73,29.32
Store_4,Product_74,54.63
Store_5,Product_75,30.64
Store_1,Product_76,19.4
Store_2,Product_77,27.7
Store_3,Product_78,45.22
Store_4,Product_79,32.57
Store_5,Product_80,39.3
Store_1,Product_81,90.64
Store_2,Product_82,17.7
Store_3,Product_83,7.85
Store_4,Product_84,19.87
Store_5,Product_85,97.98
Store_1,Product_86,88.85
Store_2,Product_87,46.95
Store_3,Product_88,33.18
Store_4,Product_89,54.59
Store_5,Product_90,51.65
Store_1,Product_91,73.0
Store_2,Product_92,30.49
Store_3,Product_93,54.58
Store_4,Product_94,80.97
Store_5,Product_95,37.98
Store_1,Product_96,21.52
Store_2,Product_97,32.14
Store_3,Product_98,18.57
Store_4,Product_99,16.22
Store_5,Product_100,66.35
Store_1,Product_101,66.67
Store_2,Product_102,41.41
Store_3,Product_103,46.2
Store_4,Product_104,34.75
Store_5,Product_105,38.83
Store_1,Product_106,84.69
Store_2,Product_107,31.62
Store_3,Product_108,71.24
Store_4,Product_109,70.23
Store_5,Product_110,29.38
Store_1,Product_111,36.34
Store_2,Product_112,91.51
Store_3,Product_113,78.89
Store_4,Product_114,8.19
Store_5,Product_115,25.86
Store_1,Product_116,47.63
Store_2,Product_117,47.4
Store_3,Product_118,35.6
Store_4,Product_119,10.03
Store_5,Product_120,36.45
Store_1,Product_121,95.68
Store_2,Product_122,22.5
Store_3,Product_123,61.39
Store_4,Product_124,97.71
Store_5,Product_125,8.31
Store_1,Product_126,94.85
Store_2,Product_127,79.79
Store_3,Product_128,61.61
Store_4,Product_129,5.61
Store_5,Product_130,23.97
Store_1,Product_131,37.02
Store_2,Product_132,32.76
Store_3,Product_133,33.14
Store_4,Product_134,60.46
Store_5,Product_135,65.24
Store_1,Product_136,53.01
Store_2,Product_137,36.03
Store_3,Product_138,45.77
Store_4,Product_139,64.51
Store_5,Product_140,97.15
Store_1,Product_141,98.47
Store_2,Product_142,29.98
Store_3,Product_143,75.92
Store_4,Product_144,53.77
Store_5,Product_145,2.26
Store_1,Product_146,61.33
Store_2,Product_147,79.81
Store_3,Product_148,63.3
Store_4,Product_149,20.72
Store_5,Product_150,84.76
Store_1,Product_151,17.53
Store_2,Product_152,15.53
Store_3,Product_153,18.82
Store_4,Product_154,9.79
Store_5,Product_155,88.46
Store_1,Product_156,84.3
Store_2,Product_157,43.8
Store_3,Product_158,4.34
Store_4,Product_159,2.23
Store_5,Product_160,25.96
Store_1,Product_161,76.96
Store_2,Product_162,90.21
Store_3,Product_163,51.39
Store_4,Product_164,54.66
Store_5,Product_165,9.73
Store_1,Product_166,60.85
Store_2,Product_167,6.6
Store_3,Product_168,39.58
Store_4,Product_169,87.92
Store_5,Product_170,80.43
Store_1,Product_171,92.41
Store_2,Product_172,46.41
Store_3,Product_173,33.59
Store_4,Product_174,88.89
Store_5,Product_175,94.35
Store_1,Product_176,69.32
Store_2,Product_177,31.5
Store_3,Product_178,9.3
Store_4,Product_179,69.52
Store_5,Product_180,43.52
Store_1,Product_181,87.58
Store_2,Product_182,51.14
Store_3,Product_183,61.74
Store_4,Product_184,92.65
Store_5,Product_185,84.37
Store_1,Product_186,96.25
Store_2,Product_187,73.5
Store_3,Product_188,88.29
Store_4,Product_189,61.16
Store_5,Product_190,35.14
Store_1,Product_191,85.23
Store_2,Product_192,37.04
Store_3,Product_193,16.44
Store_4,Product_194,87.68
Store_5,Product_195,56.5
Store_1,Product_196,81.99
Store_2,Product_197,23.43
Store_3,Product_198,85.83
Store_4,Product_199,8.37
Store_5,Product_200,35.78
Store_1,Product_201,87.13
Store_2,Product_202,98.05
Store_3,Product_203,67.71
Store_4,Product_204,55.67
Store_5,Product_205,60.64
Store_1,Product_206,77.9
Store_2,Product_207,95.0
Store_3,Product_208,11.41
Store_4,Product_209,6.27
Store_5,Product_210,17.87
Store_1,Product_211,5.63
Store_2,Product_212,96.72
Store_3,Product_213,20.83
Store_4,Product_214,34.91
Store_5,Product_215,12.09
Store_1,Product_216,69.16
Store_2,Product_217,9.0
Store_3,Product_218,13.39
Store_4,Product_219,13.79
Store_5,Product_220,89.76
Store_1,Product_221,73.9
Store_2,Product_222,8.33
Store_3,Product_223,85.29
Store_4,Product_224,63.88
Store_5,Product_225,50.1
Store_1,Product_226,5.74
Store_2,Product_227,71.85
Store_3,Product_228,69.84
Store_4,Product_229,21.41
Store_5,Product_230,82.79
Store_1,Product_231,72.29
Store_2,Product_232,64.16
Store_3,Product_233,41.43
Store_4,Product_234,95.97
Store_5,Product_235,2.32
Store_1,Product_236,70.13
Store_2,Product_237,31.86
Store_3,Product_238,87.53
Store_4,Product_239,92.78
Store_5,Product_240,50.64
Store_1,Product_241,56.56
Store_2,Product_242,81.81
Store_3,Product_243,9.55
Store_4,Product_244,47.98
Store_5,Product_245,75.76
Store_1,Product_246,91.07
Store_2,Product_247,28.12
Store_3,Product_248,94.2
Store_4,Product_249,47.02
Store_5,Product_250,33.28
Store_1,Product_251,88.08
Store_2,Product_252,79.37
Store_3,Product_253,2.42
Store_4,Product_254,77.09
Store_5,Product_255,23.79
Store_1,Product_256,74.2
Store_2,Product_257,48.6
Store_3,Product_258,26.82
Store_4,Product_259,80.33
Store_5,Product_260,22.45
Store_1,Product_261,46.16
Store_2,Product_262,6.79
Store_3,Product_263,77.72
Store_4,Product_264,94.76
Store_5,Product_265,25.45
Store_1,Product_266,59.87
Store_2,Product_267,66.26
Store_3,Product_268,14.48
Store_4,Product_269,75.79
Store_5,Product_270,80.13
Store_1,Product_271,10.47
Store_2,Product_272,9.78
Store_3,Product_273,91.05
Store_4,Product_274,17.4
Store_5,Product_275,72.91
Store_1,Product_276,17.81
Store_2,Product_277,62.05
Store_3,Product_278,69.87
Store_4,Product_279,15.36
Store_5,Product_280,23.51
Store_1,Product_281,82.61
Store_2,Product_282,26.72
Store_3,Product_283,69.43
Store_4,Product_284,46.83
Store_5,Product_285,81.46
Store_1,Product_286,38.76
Store_2,Product_287,23.36
Store_3,Product_288,57.21
Store_4,Product_289,16.94
Store_5,Product_290,24.86
Store_1,Product_291,3.32
Store_2,Product_292,17.03
Store_3,Product_293,56.36
Store_4,Product_294,55.68
Store_5,Product_295,87.71
Store_1,Product_296,60.92
Store_2,Product_297,67.94
Store_3,Product_298,73.85
Store_4,Product_299,71.44
Store_5,Product_300,48.98
Store_1,Product_301,72.15
Store_2,Product_302,89.1
Store_3,Product_303,90.45
Store_4,Product_304,37.55
Store_5,Product_305,90.34
Store_1,Product_306,91.02
Store_2,Product_307,76.0
Store_3,Product_308,70.8
Store_4,Product_309,14.57
Store_5,Product_310,47.9
Store_1,Product_311,14.13
Store_2,Product_312,33.69
Store_3,Product_313,11.05
Store_4,Product_314,72.02
Store_5,Product_315,1.29
Store_1,Product_316,55.77
Store_2,Product_317,78.27
Store_3,Product_318,56.06
Store_4,Product_319,49.36
Store_5,Product_320,74.12
Store_1,Product_321,70.4
Store_2,Product_322,20.49
Store_3,Product_323,91.93
Store_4,Product_324,35.29
Store_5,Product_325,55.12
Store_1,Product_326,69.94
Store_2,Product_327,51.24
Store_3,Product_328,92.73
Store_4,Product_329,60.25
Store_5,Product_330,20.29
Store_1,Product_331,35.74
Store_2,Product_332,84.33
Store_3,Product_333,28.5
Store_4,Product_334,43.22
Store_5,Product_335,97.88
Store_1,Product_336,95.14
Store_2,Product_337,8.52
Store_3,Product_338,62.12
Store_4,Product_339,29.66
Store_5,Product_340,71.58
Store_1,Product_341,96.13
Store_2,Product_342,93.83
Store_3,Product_343,32.69
Store_4,Product_344,56.83
Store_5,Product_345,45.22
Store_1,Product_346,66.61
Store_2,Product_347,34.04
Store_3,Product_348,74.56
Store_4,Product_349,49.94
Store_5,Product_350,4.17
Store_1,Product_351,92.65
Store_2,Product_352,57.78
Store_3,Product_353,52.35
Store_4,Product_354,14.15
Store_5,Product_355,13.92
Store_1,Product_356,54.29
Store_2,Product_357,71.39
Store_3,Product_358,16.97
Store_4,Product_359,85.44
Store_5,Product_360,65.24
Store_1,Product_361,35.54
Store_2,Product_362,19.48
Store_3,Product_363,59.83
Store_4,Product_364,59.74
Store_5,Product_365,93.43
Store_1,Product_366,72.81
Store_2,Product_367,69.06
Store_3,Product_368,54.61
Store_4,Product_369,53.61
Store_5,Product_370,41.43
Store_1,Product_371,4.59
Store_2,Product_372,56.83
Store_3,Product_373,53.59
Store_4,Product_374,46.89
Store_5,Product_375,31.32
Store_1,Product_376,44.77
Store_2,Product_377,47.31
Store_3,Product_378,29.19
Store_4,Product_379,35.65
Store_5,Product_380,73.11
Store_1,Product_381,91.32
Store_2,Product_382,22.5
Store_3,Product_383,56.41
Store_4,Product_384,71.92
Store_5,Product_385,53.56
Store_1,Product_386,85.29
Store_2,Product_387,54.44
Store_3,Product_388,72.59
Store_4,Product_389,87.07
Store_5,Product_390,89.04
Store_1,Product_391,41.67
Store_2,Product_392,84.8
Store_3,Product_393,80.77
Store_4,Product_394,42.03
Store_5,Product_395,1.26
Store_1,Product_396,63.03
Store_2,Product_397,23.18
Store_3,Product_398,59.23
Store_4,Product_399,86.17
Store_5,Product_400,10.47
Store_1,Product_401,2.73
Store_2,Product_402,23.89
Store_3,Product_403,85.46
Store_4,Product_404,9.32
Store_5,Product_405,28.34
Store_1,Product_406,76.04
Store_2,Product_407,50.38
Store_3,Product_408,62.14
Store_4,Product_409,43.28
Store_5,Product_410,47.28
Store_1,Product_411,8.75
Store_2,Product_412,52.83
Store_3,Product_413,84.83
Store_4,Product_414,28.6
Store_5,Product_415,74.93
Store_1,Product_416,54.12
Store_2,Product_417,84.87
Store_3,Product_418,18.65
Store_4,Product_419,15.94
Store_5,Product_420,95.67
Store_1,Product_421,79.35
Store_2,Product_422,29.15
Store_3,Product_423,63.79
Store_4,Product_424,52.54
Store_5,Product_425,90.05
Store_1,Product_426,70.19
Store_2,Product_427,63.97
Store_3,Product_428,43.76
Store_4,Product_429,70.56
Store_5,Product_430,16.31
Store_1,Product_431,22.28
Store_2,Product_432,92.01
Store_3,Product_433,91.74
Store_4,Product_434,43.84
Store_5,Product_435,20.59
Store_1,Product_436,85.22
Store_2,Product_437,25.76
Store_3,Product_438,32.09
Store_4,Product_439,45.52
Store_5,Product_440,18.6
Store_1,Product_441,31.83
Store_2,Product_442,75.36
Store_3,Product_443,20.11
Store_4,Product_444,17.55
Store_5,Product_445,35.08
Store_1,Product_446,5.18
Store_2,Product_447,75.7
Store_3,Product_448,82.01
Store_4,Product_449,19.44
Store_5,Product_450,70.68
Store_1,Product_451,95.47
Store_2,Product_452,29.67
Store_3,Product_453,27.37
Store_4,Product_454,2.37
Store_5,Product_455,19.08
Store_1,Product_456,18.26
Store_2,Product_457,55.23
Store_3,Product_458,54.82
Store_4,Product_459,31.45
Store_5,Product_460,24.4
Store_1,Product_461,58.76
Store_2,Product_462,81.89
Store_3,Product_463,24.06
Store_4,Product_464,64.36
Store_5,Product_465,31.53
Store_1,Product_466,3.27
Store_2,Product_467,4.39
Store_3,Product_468,64.54
Store_4,Product_469,11.39
Store_5,Product_470,82.44
Store_1,Product_471,6.49
Store_2,Product_472,14.8
Store_3,Product_473,43.14
Store_4,Product_474,90.65
Store_5,Product_475,81.36
Store_1,Product_476,74.18
Store_2,Product_477,65.21
Store_3,Product_478,61.96
Store_4,Product_479,85.42
Store_5,Product_480,82.41
Store_1,Product_481,69.7
Store_2,Product_482,96.62
Store_3,Product_483,69.58
Store_4,Product_484,38.74
Store_5,Product_485,10.58
Store_1,Product_486,3.84
Store_2,Product_487,27.52
Store_3,Product_488,93.34
Store_4,Product_489,46.55
Store_5,Product_490,21.68
Store_1,Product_491,92.8
Store_2,Product_492,88.19
Store_3,Product_493,47.98
Store_4,Product_494,48.51
Store_5,Product_495,34.67
Store_1,Product_496,59.75
Store_2,Product_497,71.69
Store_3,Product_498,30.43
Store_4,Product_499,36.63
Store_5,Product_500,60.42
Store_1,Product_501,4.17
Store_2,Product_502,96.44
Store_3,Product_503,2.32
Store_4,Product_504,48.0
Store_5,Product_505,51.56
Store_1,Product_506,96.72
Store_2,Product_507,38.9
Store_3,Product_508,40.88
Store_4,Product_509,30.16
Store_5,Product_510,58.45
Store_1,Product_511,24.11
Store_2,Product_512,96.26
Store_3,Product_513,32.1
Store_4,Product_514,3.49
Store_5,Product_515,13.6
Store_1,Product_516,4.57
Store_2,Product_517,82.49
Store_3,Product_518,32.12
Store_4,Product_519,84.85
Store_5,Product_520,17.62
Store_1,Product_521,20.26
Store_2,Product_522,83.19
Store_3,Product_523,6.96
Store_4,Product_524,31.5
Store_5,Product_525,15.38
Store_1,Product_526,50.41
Store_2,Product_527,93.6
Store_3,Product_528,44.52
Store_4,Product_529,1.58
Store_5,Product_530,21.97
Store_1,Product_531,53.82
Store_2,Product_532,51.21
Store_3,Product_533,10.56
Store_4,Product_534,11.8
Store_5,Product_535,51.67
Store_1,Product_536,18.94
Store_2,Product_537,40.19
Store_3,Product_538,23.42
Store_4,Product_539,22.79
Store_5,Product_540,75.62
Store_1,Product_541,32.25
Store_2,Product_542,99.36
Store_3,Product_543,68.59
Store_4,Product_544,80.52
Store_5,Product_545,27.41
Store_1,Product_546,21.98
Store_2,Product_547,97.75
Store_3,Product_548,91.73
Store_4,Product_549,46.88
Store_5,Product_550,3.8
Store_1,Product_551,91.82
Store_2,Product_552,78.8
Store_3,Product_553,97.4
Store_4,Product_554,31.73
Store_5,Product_555,90.99
Store_1,Product_556,89.9
Store_2,Product_557,96.43
Store_3,Product_558,22.46
Store_4,Product_559,52.77
Store_5,Product_560,4.83
Store_1,Product_561,90.86
Store_2,Product_562,3.5
Store_3,Product_563,33.78
Store_4,Product_564,56.32
Store_5,Product_565,21.39
Store_1,Product_566,9.8
Store_2,Product_567,68.66
Store_3,Product_568,76.63
Store_4,Product_569,52.95
Store_5,Product_570,6.98
Store_1,Product_571,75.65
Store_2,Product_572,49.45
Store_3,Product_573,19.86
Store_4,Product_574,91.59
Store_5,Product_575,49.62
Store_1,Product_576,20.24
Store_2,Product_577,82.44
Store_3,Product_578,23.09
Store_4,Product_579,74.85
Store_5,Product_580,68.58
Store_1,Product_581,26.3
Store_2,Product_582,4.79
Store_3,Product_583,3.49
Store_4,Product_584,33.56
Store_5,Product_585,29.99
Store_1,Product_586,17.54
Store_2,Product_587,37.06
Store_3,Product_588,86.89
Store_4,Product_589,87.77
Store_5,Product_590,84.47
Store_1,Product_591,86.05
Store_2,Product_592,39.33
Store_3,Product_593,55.6
Store_4,Product_594,83.61
Store_5,Product_595,58.95
Store_1,Product_596,74.21
Store_2,Product_597,16.83
Store_3,Product_598,10.91
Store_4,Product_599,63.39
Store_5,Product_600,27.02
Store_1,Product_601,82.77
Store_2,Product_602,59.85
Store_3,Product_603,25.45
Store_4,Product_604,72.36
Store_5,Product_605,77.33
Store_1,Product_606,81.03
Store_2,Product_607,9.32
Store_3,Product_608,23.66
Store_4,Product_609,3.61
Store_5,Product_610,69.05
Store_1,Product_611,28.86
Store_2,Product_612,53.22
Store_3,Product_613,22.54
Store_4,Product_614,51.81
Store_5,Product_615,49.41
Store_1,Product_616,39.13
Store_2,Product_617,10.23
Store_3,Product_618,90.29
Store_4,Product_619,15.45
Store_5,Product_620,23.82
Store_1,Product_621,75.58
Store_2,Product_622,55.02
Store_3,Product_623,88.65
Store_4,Product_624,41.62
Store_5,Product_625,56.67
Store_1,Product_626,12.94
Store_2,Product_627,2.13
Store_3,Product_628,57.3
Store_4,Product_629,86.39
Store_5,Product_630,47.55
Store_1,Product_631,74.75
Store_2,Product_632,37.77
Store_3,Product_633,72.58
Store_4,Product_634,45.63
Store_5,Product_635,18.58
Store_1,Product_636,26.05
Store_2,Product_637,29.62
Store_3,Product_638,89.73
Store_4,Product_639,21.89
Store_5,Product_640,69.85
Store_1,Product_641,12.54
Store_2,Product_642,78.52
Store_3,Product_643,43.89
Store_4,Product_644,92.21
Store_5,Product_645,70.96
Store_1,Product_646,62.08
Store_2,Product_647,27.27
Store_3,Product_648,70.32
Store_4,Product_649,86.25
Store_5,Product_650,96.23
Store_1,Product_651,9.22
Store_2,Product_652,11.92
Store_3,Product_653,51.86
Store_4,Product_654,49.96
Store_5,Product_655,54.96
Store_1,Product_656,84.52
Store_2,Product_657,94.34
Store_3,Product_658,52.01
Store_4,Product_659,50.82
Store_5,Product_660,63.4
Store_1,Product_661,83.08
Store_2,Product_662,20.34
Store_3,Product_663,23.43
Store_4,Product_664,52.14
Store_5,Product_665,87.17
Store_1,Product_666,85.11
Store_2,Product_667,43.1
Store_3,Product_668,15.85
Store_4,Product_669,61.25
Store_5,Product_670,48.13
Store_1,Product_671,18.21
Store_2,Product_672,79.22
Store_3,Product_673,13.79
Store_4,Product_674,64.15
Store_5,Product_675,60.44
Store_1,Product_676,74.26
Store_2,Product_677,91.8
Store_3,Product_678,68.19
Store_4,Product_679,38.26
Store_5,Product_680,45.7
Store_1,Product_681,50.66
Store_2,Product_682,23.89
Store_3,Product_683,99.07
Store_4,Product_684,51.99
Store_5,Product_685,59.29
Store_1,Product_686,83.26
Store_2,Product_687,36.51
Store_3,Product_688,58.29
Store_4,Product_689,2.24
Store_5,Product_690,20.6
Store_1,Product_691,89.57
Store_2,Product_692,87.16
Store_3,Product_693,9.11
Store_4,Product_694,15.71
Store_5,Product_695,42.44
Store_1,Product_696,91.97
Store_2,Product_697,50.07
Store_3,Product_698,50.9
Store_4,Product_699,65.21
Store_5,Product_700,64.13
Store_1,Product_701,85.38
Store_2,Product_702,88.38
Store_3,Product_703,31.98
Store_4,Product_704,33.87
Store_5,Product_705,23.05
Store_1,Product_706,31.38
Store_2,Product_707,14.82
Store_3,Product_708,45.22
Store_4,Product_709,77.61
Store_5,Product_710,85.45
Store_1,Product_711,81.31
Store_2,Product_712,54.28
Store_3,Product_713,63.55
Store_4,Product_714,82.56
Store_5,Product_715,90.92
Store_1,Product_716,66.86
Store_2,Product_717,19.13
Store_3,Product_718,97.94
Store_4,Product_719,65.3
Store_5,Product_720,50.99
Store_1,Product_721,62.31
Store_2,Product_722,20.11
Store_3,Product_723,84.22
Store_4,Product_724,79.71
Store_5,Product_725,78.54
Store_1,Product_726,69.57
Store_2,Product_727,30.78
Store_3,Product_728,23.79
Store_4,Product_729,7.63
Store_5,Product_730,11.05
Store_1,Product_731,29.64
Store_2,Product_732,41.12
Store_3,Product_733,50.9
Store_4,Product_734,93.71
Store_5,Product_735,43.4
Store_1,Product_736,83.88
Store_2,Product_737,85.99
Store_3,Product_738,29.86
Store_4,Product_739,25.11
Store_5,Product_740,96.11
Store_1,Product_741,55.09
Store_2,Product_742,21.53
Store_3,Product_743,2.26
Store_4,Product_744,37.78
Store_5,Product_745,50.52
Store_1,Product_746,7.74
Store_2,Product_747,36.01
Store_3,Product_748,39.73
Store_4,Product_749,91.25
Store_5,Product_750,13.0
Store_1,Product_751,60.26
Store_2,Product_752,20.98
Store_3,Product_753,79.73
Store_4,Product_754,22.48
Store_5,Product_755,25.63
Store_1,Product_756,49.63
Store_2,Product_757,14.52
Store_3,Product_758,26.14
Store_4,Product_759,54.28
Store_5,Product_760,41.09
Store_1,Product_761,6.89
Store_2,Product_762,44.09
Store_3,Product_763,42.26
Store_4,Product_764,91.33
Store_5,Product_765,48.7
Store_1,Product_766,61.27
Store_2,Product_767,56.5
Store_3,Product_768,61.67
Store_4,Product_769,55.42
Store_5,Product_770,6.14
Store_1,Product_771,56.9
Store_2,Product_772,24.99
Store_3,Product_773,69.83
Store_4,Product_774,65.28
Store_5,Product_775,34.88
Store_1,Product_776,85.17
Store_2,Product_777,11.27
Store_3,Product_778,18.91
Store_4,Product_779,61.52
Store_5,Product_780,75.61
Store_1,Product_781,51.52
Store_2,Product_782,74.56
Store_3,Product_783,46.38
Store_4,Product_784,98.93
Store_5,Product_785,90.39
Store_1,Product_786,2.53
Store_2,Product_787,43.85
Store_3,Product_788,84.62
Store_4,Product_789,25.37
Store_5,Product_790,49.37
Store_1,Product_791,42.9
Store_2,Product_792,11.24
Store_3,Product_793,70.87
Store_4,Product_794,23.29
Store_5,Product_795,37.84
Store_1,Product_796,59.05
Store_2,Product_797,60.32
Store_3,Product_798,28.3
Store_4,Product_799,93.22
Store_5,Product_800,9.38
Store_1,Product_801,14.63
Store_2,Product_802,90.88
Store_3,Product_803,33.0
Store_4,Product_804,83.51
Store_5,Product_805,88.12
Store_1,Product_806,92.44
Store_2,Product_807,90.42
Store_3,Product_808,8.8
Store_4,Product_809,75.1
Store_5,Product_810,29.84
Store_1,Product_811,2.91
Store_2,Product_812,85.78
Store_3,Product_813,54.34
Store_4,Product_814,62.2
Store_5,Product_815,64.42
Store_1,Product_816,8.17
Store_2,Product_817,4.66
Store_3,Product_818,45.35
Store_4,Product_819,98.34
Store_5,Product_820,96.38
Store_1,Product_821,32.89
Store_2,Product_822,22.02
Store_3,Product_823,69.34
Store_4,Product_824,42.9
Store_5,Product_825,53.95
Store_1,Product_826,35.08
Store_2,Product_827,28.38
Store_3,Product_828,35.49
Store_4,Product_829,12.82
Store_5,Product_830,81.57
Store_1,Product_831,13.24
Store_2,Product_832,1.25
Store_3,Product_833,41.29
Store_4,Product_834,57.87
Store_5,Product_835,59.33
Store_1,Product_836,86.04
Store_2,Product_837,41.45
Store_3,Product_838,49.44
Store_4,Product_839,43.79
Store_5,Product_840,37.41
Store_1,Product_841,80.78
Store_2,Product_842,73.17
Store_3,Product_843,16.6
Store_4,Product_844,46.59
Store_5,Product_845,89.67
Store_1,Product_846,91.32
Store_2,Product_847,38.57
Store_3,Product_848,36.46
Store_4,Product_849,67.92
Store_5,Product_850,54.9
Store_1,Product_851,11.86
Store_2,Product_852,80.62
Store_3,Product_853,30.69
Store_4,Product_854,54.92
Store_5,Product_855,19.5
Store_1,Product_856,93.12
Store_2,Product_857,68.52
Store_3,Product_858,87.48
Store_4,Product_859,24.56
Store_5,Product_860,73.22
Store_1,Product_861,22.78
Store_2,Product_862,67.64
Store_3,Product_863,15.56
Store_4,Product_864,66.94
Store_5,Product_865,98.74
Store_1,Product_866,56.54
Store_2,Product_867,82.1
Store_3,Product_868,41.89
Store_4,Product_869,59.48
Store_5,Product_870,47.15
Store_1,Product_871,62.16
Store_2,Product_872,77.13
Store_3,Product_873,82.45
Store_4,Product_874,22.31
Store_5,Product_875,97.17
Store_1,Product_876,32.04
Store_2,Product_877,7.56
Store_3,Product_878,9.35
Store_4,Product_879,98.45
Store_5,Product_880,70.12
Store_1,Product_881,49.77
Store_2,Product_882,21.59
Store_3,Product_883,52.36
Store_4,Product_884,73.01
Store_5,Product_885,10.99
Store_1,Product_886,95.01
Store_2,Product_887,35.12
Store_3,Product_888,21.47
Store_4,Product_889,40.32
Store_5,Product_890,84.59
Store_1,Product_891,56.59
Store_2,Product_892,3.14
Store_3,Product_893,31.94
Store_4,Product_894,52.72
Store_5,Product_895,81.43
Store_1,Product_896,5.09
Store_2,Product_897,96.09
Store_3,Product_898,29.95
Store_4,Product_899,64.4
Store_5,Product_900,19.22
Store_1,Product_901,69.21
Store_2,Product_902,44.23
Store_3,Product_903,67.82
Store_4,Product_904,6.33
Store_5,Product_905,48.47
Store_1,Product_906,31.0
Store_2,Product_907,14.2
Store_3,Product_908,44.29
Store_4,Product_909,39.18
Store_5,Product_910,58.23
Store_1,Product_911,35.73
Store_2,Product_912,69.61
Store_3,Product_913,71.64
Store_4,Product_914,89.24
Store_5,Product_915,68.35
Store_1,Product_916,97.64
Store_2,Product_917,95.69
Store_3,Product_918,15.83
Store_4,Product_919,14.48
Store_5,Product_920,16.04
Store_1,Product_921,31.03
Store_2,Product_922,14.22
Store_3,Product_923,20.42
Store_4,Product_924,86.88
Store_5,Product_925,45.55
Store_1,Product_926,13.52
Store_2,Product_927,36.13
Store_3,Product_928,58.61
Store_4,Product_929,61.89
Store_5,Product_930,89.94
Store_1,Product_931,22.52
Store_2,Product_932,57.05
Store_3,Product_933,21.03
Store_4,Product_934,22.33
Store_5,Product_935,87.9
Store_1,Product_936,2.3
Store_2,Product_937,48.49
Store_3,Product_938,20.37
Store_4,Product_939,92.34
Store_5,Product_940,42.82
Store_1,Product_941,9.38
Store_2,Product_942,88.57
Store_3,Product_943,71.04
Store_4,Product_944,42.09
Store_5,Product_945,78.08
Store_1,Product_946,55.24
Store_2,Product_947,26.54
Store_3,Product_948,20.77
Store_4,Product_949,39.51
Store_5,Product_950,55.69
Store_1,Product_951,25.6
Store_2,Product_952,8.04
Store_3,Product_953,20.47
Store_4,Product_954,45.36
Store_5,Product_955,32.64
Store_1,Product_956,81.13
Store_2,Product_957,63.0
Store_3,Product_958,50.13
Store_4,Product_959,97.67
Store_5,Product_960,2.23
Store_1,Product_961,81.13
Store_2,Product_962,14.53
Store_3,Product_963,39.11
Store_4,Product_964,35.84
Store_5,Product_965,75.79
Store_1,Product_966,50.38
Store_2,Product_967,80.47
Store_3,Product_968,54.45
Store_4,Product_969,88.6
Store_5,Product_970,69.18
Store_1,Product_971,7.22
Store_2,Product_972,86.42
Store_3,Product_973,66.1
Store_4,Product_974,54.16
Store_5,Product_975,43.39
Store_1,Product_976,18.76
Store_2,Product_977,26.63
Store_3,Product_978,78.74
Store_4,Product_979,39.77
Store_5,Product_980,63.45
Store_1,Product_981,99.43
Store_2,Product_982,98.05
Store_3,Product_983,31.84
Store_4,Product_984,58.12
Store_5,Product_985,26.82
Store_1,Product_986,38.84
Store_2,Product_987,72.96
Store_3,Product_988,11.12
Store_4,Product_989,45.4
Store_5,Product_990,90.88
Store_1,Product_991,78.87
Store_2,Product_992,47.54
Store_3,Product_993,1.66
Store_4,Product_994,65.34
Store_5,Product_995,18.87
Store_1,Product_996,14.69
Store_2,Product_997,91.33
Store_3,Product_998,93.41
Store_4,Product_999,97.51
Store_5,Product_1000,52.73
Store_1,Product_1001,11.55
Store_2,Product_1002,3.56
Store_3,Product_1003,20.35
Store_4,Product_1004,53.11
Store_5,Product_1005,16.14
Store_1,Product_1006,23.04
Store_2,Product_1007,57.84
Store_3,Product_1008,31.4
Store_4,Product_1009,79.11
Store_5,Product_1010,23.3
Store_1,Product_1011,69.15
Store_2,Product_1012,84.95
Store_3,Product_1013,44.15
Store_4,Product_1014,4.06
Store_5,Product_1015,31.3
Store_1,Product_1016,28.41
Store_2,Product_1017,31.13
Store_3,Product_1018,29.02
Store_4,Product_1019,88.05
Store_5,Product_1020,8.28
Store_1,Product_1021,64.98
Store_2,Product_1022,31.86
Store_3,Product_1023,26.89
Store_4,Product_1024,97.78
Store_5,Product_1025,30.14
Store_1,Product_1026,90.9
Store_2,Product_1027,41.51
Store_3,Product_1028,91.01
Store_4,Product_1029,70.11
Store_5,Product_1030,9.47
Store_1,Product_1031,86.58
Store_2,Product_1032,15.07
Store_3,Product_1033,52.38
Store_4,Product_1034,15.16
Store_5,Product_1035,37.92
Store_1,Product_1036,5.63
Store_2,Product_1037,67.6
Store_3,Product_1038,78.7
Store_4,Product_1039,17.08
Store_5,Product_1040,79.48
Store_1,Product_1041,19.31
Store_2,Product_1042,4.5
Store_3,Product_1043,40.04
Store_4,Product_1044,25.81
Store_5,Product_1045,18.99
Store_1,Product_1046,71.61
Store_2,Product_1047,78.3
Store_3,Product_1048,51.72
Store_4,Product_1049,44.57
Store_5,Product_1050,19.07
Store_1,Product_1051,10.45
Store_2,Product_1052,50.81
Store_3,Product_1053,86.57
Store_4,Product_1054,21.67
Store_5,Product_1055,34.47
Store_1,Product_1056,73.93
Store_2,Product_1057,54.94
Store_3,Product_1058,77.78
Store_4,Product_1059,16.24
Store_5,Product_1060,78.29
Store_1,Product_1061,53.33
Store_2,Product_1062,19.78
Store_3,Product_1063,7.25
Store_4,Product_1064,60.21
Store_5,Product_1065,7.6
Store_1,Product_1066,17.41
Store_2,Product_1067,73.94
Store_3,Product_1068,26.79
Store_4,Product_1069,85.64
Store_5,Product_1070,79.02
Store_1,Product_1071,6.12
Store_2,Product_1072,91.01
Store_3,Product_1073,96.87
Store_4,Product_1074,1.82
Store_5,Product_1075,50.0
Store_1,Product_1076,3.98
Store_2,Product_1077,69.77
Store_3,Product_1078,77.37
Store_4,Product_1079,32.67
Store_5,Product_1080,56.72
Store_1,Product_1081,39.84
Store_2,Product_1082,66.53
Store_3,Product_1083,84.12
Store_4,Product_1084,37.05
Store_5,Product_1085,35.37
Store_1,Product_1086,96.35
Store_2,Product_1087,45.31
Store_3,Product_1088,83.56
Store_4,Product_1089,90.56
Store_5,Product_1090,54.5
Store_1,Product_1091,93.37
Store_2,Product_1092,63.59
Store_3,Product_1093,47.23
Store_4,Product_1094,20.12
Store_5,Product_1095,17.0
Store_1,Product_1096,93.27
Store_2,Product_1097,11.71
Store_3,Product_1098,14.0
Store_4,Product_1099,55.51
Store_5,Product_1100,53.26
Store_1,Product_1101,31.51
Store_2,Product_1102,78.74
Store_3,Product_1103,28.42
Store_4,Product_1104,42.08
Store_5,Product_1105,38.14
Store_1,Product_1106,4.01
Store_2,Product_1107,57.91
Store_3,Product_1108,87.89
Store_4,Product_1109,56.97
Store_5,Product_1110,80.95
Store_1,Product_1111,12.08
Store_2,Product_1112,66.21
Store_3,Product_1113,66.28
Store_4,Product_1114,41.86
Store_5,Product_1115,40.44
Store_1,Product_1116,50.46
Store_2,Product_1117,63.03
Store_3,Product_1118,8.89
Store_4,Product_1119,14.4
Store_5,Product_1120,41.72
Store_1,Product_1121,37.13
Store_2,Product_1122,38.14
Store_3,Product_1123,25.74
Store_4,Product_1124,24.49
Store_5,Product_1125,62.69
Store_1,Product_1126,2.02
Store_2,Product_1127,2.82
Store_3,Product_1128,86.61
Store_4,Product_1129,19.72
Store_5,Product_1130,81.13
Store_1,Product_1131,44.06
Store_2,Product_1132,97.58
Store_3,Product_1133,57.95
Store_4,Product_1134,2.15
Store_5,Product_1135,69.28
Store_1,Product_1136,32.03
Store_2,Product_1137,96.02
Store_3,Product_1138,1.92
Store_4,Product_1139,97.34
Store_5,Product_1140,60.02
Store_1,Product_1141,43.0
Store_2,Product_1142,92.12
Store_3,Product_1143,2.08
Store_4,Product_1144,48.12
Store_5,Product_1145,51.85
Store_1,Product_1146,16.78
Store_2,Product_1147,31.2
Store_3,Product_1148,8.98
Store_4,Product_1149,18.02
Store_5,Product_1150,77.69
Store_1,Product_1151,76.69
Store_2,Product_1152,26.62
Store_3,Product_1153,56.99
Store_4,Product_1154,1.79
Store_5,Product_1155,65.92
Store_1,Product_1156,81.64
Store_2,Product_1157,5.81
Store_3,Product_1158,9.85
Store_4,Product_1159,23.97
Store_5,Product_1160,76.82
Store_1,Product_1161,70.78
Store_2,Product_1162,96.59
Store_3,Product_1163,59.14
Store_4,Product_1164,32.45
Store_5,Product_1165,98.92
Store_1,Product_1166,4.89
Store_2,Product_1167,38.26
Store_3,Product_1168,84.8
Store_4,Product_1169,7.65
Store_5,Product_1170,45.52
Store_1,Product_1171,26.14
Store_2,Product_1172,72.8
Store_3,Product_1173,59.79
Store_4,Product_1174,37.45
Store_5,Product_1175,8.1
Store_1,Product_1176,96.83
Store_2,Product_1177,82.63
Store_3,Product_1178,80.05
Store_4,Product_1179,32.06
Store_5,Product_1180,84.19
Store_1,Product_1181,6.21
Store_2,Product_1182,3.15
Store_3,Product_1183,72.64
Store_4,Product_1184,23.65
Store_5,Product_1185,38.9
Store_1,Product_1186,54.7
Store_2,Product_1187,26.34
Store_3,Product_1188,60.22
Store_4,Product_1189,24.02
Store_5,Product_1190,29.97
Store_1,Product_1191,25.55
Store_2,Product_1192,88.32
Store_3,Product_1193,39.4
Store_4,Product_1194,35.05
Store_5,Product_1195,33.67
Store_1,Product_1196,34.73
Store_2,Product_1197,41.53
Store_3,Product_1198,38.38
Store_4,Product_1199,68.27
Store_5,Product_1200,37.49
Store_1,Product_1201,69.59
Store_2,Product_1202,26.96
Store_3,Product_1203,68.03
Store_4,Product_1204,80.12
Store_5,Product_1205,88.68
Store_1,Product_1206,94.5
Store_2,Product_1207,27.18
Store_3,Product_1208,11.3
Store_4,Product_1209,16.47
Store_5,Product_1210,73.26
Store_1,Product_1211,78.05
Store_2,Product_1212,87.05
Store_3,Product_1213,88.44
Store_4,Product_1214,24.93
Store_5,Product_1215,53.73
Store_1,Product_1216,43.9
Store_2,Product_1217,42.73
Store_3,Product_1218,16.56
Store_4,Product_1219,13.89
Store_5,Product_1220,64.91
Store_1,Product_1221,29.11
Store_2,Product_1222,65.66
Store_3,Product_1223,66.53
Store_4,Product_1224,15.67
Store_5,Product_1225,71.5
Store_1,Product_1226,80.48
Store_2,Product_1227,28.49
Store_3,Product_1228,58.32
Store_4,Product_1229,23.94
Store_5,Product_1230,65.49
Store_1,Product_1231,84.64
Store_2,Product_1232,8.31
Store_3,Product_1233,58.15
Store_4,Product_1234,9.2
Store_5,Product_1235,89.62
Store_1,Product_1236,99.42
Store_2,Product_1237,17.6
Store_3,Product_1238,22.74
Store_4,Product_1239,15.19
Store_5,Product_1240,39.96
Store_1,Product_1241,30.79
Store_2,Product_1242,63.3
Store_3,Product_1243,73.64
Store_4,Product_1244,60.9
Store_5,Product_1245,12.93
Store_1,Product_1246,38.68
Store_2,Product_1247,66.2
Store_3,Product_1248,88.2
Store_4,Product_1249,82.73
Store_5,Product_1250,57.83
Store_1,Product_1251,33.82
Store_2,Product_1252,88.06
Store_3,Product_1253,76.92
Store_4,Product_1254,31.13
Store_5,Product_1255,2.67
Store_1,Product_1256,14.36
Store_2,Product_1257,76.19
Store_3,Product_1258,30.33
Store_4,Product_1259,83.36
Store_5,Product_1260,60.51
Store_1,Product_1261,34.17
Store_2,Product_1262,3.9
Store_3,Product_1263,54.95
Store_4,Product_1264,13.32
Store_5,Product_1265,38.22
Store_1,Product_1266,86.67
Store_2,Product_1267,56.18
Store_3,Product_1268,26.93
Store_4,Product_1269,35.49
Store_5,Product_1270,41.06
Store_1,Product_1271,71.81
Store_2,Product_1272,42.35
Store_3,Product_1273,51.1
Store_4,Product_1274,88.41
Store_5,Product_1275,29.84
Store_1,Product_1276,38.83
Store_2,Product_1277,73.61
Store_3,Product_1278,53.06
Store_4,Product_1279,90.91
Store_5,Product_1280,99.16
Store_1,Product_1281,7.47
Store_2,Product_1282,62.93
Store_3,Product_1283,41.24
Store_4,Product_1284,22.39
Store_5,Product_1285,43.55
Store_1,Product_1286,89.5
Store_2,Product_1287,37.12
Store_3,Product_1288,59.12
Store_4,Product_1289,48.66
Store_5,Product_1290,49.94
Store_1,Product_1291,23.39
Store_2,Product_1292,67.27
Store_3,Product_1293,69.03
Store_4,Product_1294,53.71
Store_5,Product_1295,49.31
Store_1,Product_1296,47.02
Store_2,Product_1297,28.25
Store_3,Product_1298,72.33
Store_4,Product_1299,21.07
Store_5,Product_1300,99.34
Store_1,Product_1301,30.19
Store_2,Product_1302,4.59
Store_3,Product_1303,93.75
Store_4,Product_1304,31.71
Store_5,Product_1305,71.06
Store_1,Product_1306,72.61
Store_2,Product_1307,49.21
Store_3,Product_1308,9.6
Store_4,Product_1309,71.82
Store_5,Product_1310,93.78
Store_1,Product_1311,36.66
Store_2,Product_1312,15.66
Store_3,Product_1313,17.11
Store_4,Product_1314,44.71
Store_5,Product_1315,22.22
Store_1,Product_1316,88.25
Store_2,Product_1317,11.64
Store_3,Product_1318,23.33
Store_4,Product_1319,57.87
Store_5,Product_1320,32.4
Store_1,Product_1321,83.98
Store_2,Product_1322,41.4
Store_3,Product_1323,30.5
Store_4,Product_1324,69.9
Store_5,Product_1325,94.08
Store_1,Product_1326,78.08
Store_2,Product_1327,58.16
Store_3,Product_1328,58.72
Store_4,Product_1329,29.87
Store_5,Product_1330,32.88
Store_1,Product_1331,19.39
Store_2,Product_1332,34.32
Store_3,Product_1333,62.68
Store_4,Product_1334,25.51
Store_5,Product_1335,63.04
Store_1,Product_1336,71.6
Store_2,Product_1337,3.47
Store_3,Product_1338,66.45
Store_4,Product_1339,29.81
Store_5,Product_1340,33.0
Store_1,Product_1341,93.47
Store_2,Product_1342,28.56
Store_3,Product_1343,78.46
Store_4,Product_1344,70.13
Store_5,Product_1345,50.87
Store_1,Product_1346,20.12
Store_2,Product_1347,73.8
Store_3,Product_1348,32.74
Store_4,Product_1349,92.09
Store_5,Product_1350,99.64
Store_1,Product_1351,70.65
Store_2,Product_1352,94.92
Store_3,Product_1353,31.45
Store_4,Product_1354,28.99
Store_5,Product_1355,44.56
Store_1,Product_1356,23.67
Store_2,Product_1357,3.12
Store_3,Product_1358,13.51
Store_4,Product_1359,44.94
Store_5,Product_1360,12.55
Store_1,Product_1361,6.29
Store_2,Product_1362,18.09
Store_3,Product_1363,45.05
Store_4,Product_1364,61.15
Store_5,Product_1365,6.23
Store_1,Product_1366,59.45
Store_2,Product_1367,51.04
Store_3,Product_1368,64.18
Store_4,Product_1369,66.47
Store_5,Product_1370,65.01
Store_1,Product_1371,2.29
Store_2,Product_1372,9.48
Store_3,Product_1373,96.03
Store_4,Product_1374,76.52
Store_5,Product_1375,23.1
Store_1,Product_1376,9.17
Store_2,Product_1377,2.73
Store_3,Product_1378,88.28
Store_4,Product_1379,32.33
Store_5,Product_1380,16.13
Store_1,Product_1381,63.13
Store_2,Product_1382,66.75
Store_3,Product_1383,91.61
Store_4,Product_1384,95.35
Store_5,Product_1385,79.95
Store_1,Product_1386,64.44
Store_2,Product_1387,84.11
Store_3,Product_1388,2.45
Store_4,Product_1389,41.84
Store_5,Product_1390,61.14
Store_1,Product_1391,85.89
Store_2,Product_1392,42.13
Store_3,Product_1393,56.8
Store_4,Product_1394,38.22
Store_5,Product_1395,5.76
Store_1,Product_1396,98.2
Store_2,Product_1397,15.87
Store_3,Product_1398,55.21
Store_4,Product_1399,34.67
Store_5,Product_1400,24.81
Store_1,Product_1401,59.55
Store_2,Product_1402,3.89
Store_3,Product_1403,31.25
Store_4,Product_1404,79.46
Store_5,Product_1405,76.42
Store_1,Product_1406,75.97
Store_2,Product_1407,82.35
Store_3,Product_1408,61.44
Store_4,Product_1409,62.36
Store_5,Product_1410,76.49
Store_1,Product_1411,8.03
Store_2,Product_1412,59.31
Store_3,Product_1413,27.09
Store_4,Product_1414,86.23
Store_5,Product_1415,30.34
Store_1,Product_1416,2.46
Store_2,Product_1417,97.24
Store_3,Product_1418,67.08
Store_4,Product_1419,78.97
Store_5,Product_1420,62.29
Store_1,Product_1421,7.86
Store_2,Product_1422,84.45
Store_3,Product_1423,91.94
Store_4,Product_1424,45.28
Store_5,Product_1425,14.95
Store_1,Product_1426,43.37
Store_2,Product_1427,4.99
Store_3,Product_1428,45.1
Store_4,Product_1429,94.94
Store_5,Product_1430,94.32
Store_1,Product_1431,14.01
Store_2,Product_1432,13.49
Store_3,Product_1433,51.72
Store_4,Product_1434,99.91
Store_5,Product_1435,81.01
Store_1,Product_1436,98.36
Store_2,Product_1437,80.93
Store_3,Product_1438,11.71
Store_4,Product_1439,76.24
Store_5,Product_1440,10.88
Store_1,Product_1441,30.35
Store_2,Product_1442,47.89
Store_3,Product_1443,55.65
Store_4,Product_1444,99.05
Store_5,Product_1445,55.88
Store_1,Product_1446,8.6
Store_2,Product_1447,13.85
Store_3,Product_1448,26.51
Store_4,Product_1449,11.61
Store_5,Product_1450,62.98
Store_1,Product_1451,40.79
Store_2,Product_1452,58.48
Store_3,Product_1453,20.17
Store_4,Product_1454,61.48
Store_5,Product_1455,46.85
Store_1,Product_1456,94.51
Store_2,Product_1457,6.44
Store_3,Product_1458,74.16
Store_4,Product_1459,36.27
Store_5,Product_1460,13.51
Store_1,Product_1461,96.95
Store_2,Product_1462,86.76
Store_3,Product_1463,65.97
Store_4,Product_1464,64.21
Store_5,Product_1465,28.64
Store_1,Product_1466,2.26
Store_2,Product_1467,95.83
Store_3,Product_1468,65.25
Store_4,Product_1469,2.69
Store_5,Product_1470,37.03
Store_1,Product_1471,46.23
Store_2,Product_1472,42.29
Store_3,Product_1473,44.61
Store_4,Product_1474,21.07
Store_5,Product_1475,64.89
Store_1,Product_1476,10.63
Store_2,Product_1477,62.73
Store_3,Product_1478,79.69
Store_4,Product_1479,76.25
Store_5,Product_1480,2.37
Store_1,Product_1481,47.75
Store_2,Product_1482,49.17
Store_3,Product_1483,36.83
Store_4,Product_1484,19.71
Store_5,Product_1485,31.22
Store_1,Product_1486,75.23
Store_2,Product_1487,40.13
Store_3,Product_1488,63.24
Store_4,Product_1489,77.51
Store_5,Product_1490,94.18
Store_1,Product_1491,11.61
Store_2,Product_1492,93.06
Store_3,Product_1493,6.58
Store_4,Product_1494,51.72
Store_5,Product_1495,11.69
Store_1,Product_1496,5.3
Store_2,Product_1497,64.81
Store_3,Product_1498,40.99
Store_4,Product_1499,21.19
Store_5,Product_1500,13.67
Store_1,Product_1501,99.13
Store_2,Product_1502,68.25
Store_3,Product_1503,14.42
Store_4,Product_1504,10.1
Store_5,Product_1505,4.8
Store_1,Product_1506,37.91
Store_2,Product_1507,34.06
Store_3,Product_1508,11.7
Store_4,Product_1509,65.03
Store_5,Product_1510,79.46
Store_1,Product_1511,51.22
Store_2,Product_1512,69.56
Store_3,Product_1513,58.07
Store_4,Product_1514,63.09
Store_5,Product_1515,59.65
Store_1,Product_1516,90.35
Store_2,Product_1517,32.17
Store_3,Product_1518,52.08
Store_4,Product_1519,41.21
Store_5,Product_1520,50.85
Store_1,Product_1521,38.97
Store_2,Product_1522,63.17
Store_3,Product_1523,16.27
Store_4,Product_1524,60.68
Store_5,Product_1525,93.39
Store_1,Product_1526,72.56
Store_2,Product_1527,46.1
Store_3,Product_1528,40.62
Store_4,Product_1529,79.87
Store_5,Product_1530,22.12
Store_1,Product_1531,25.22
Store_2,Product_1532,56.11
Store_3,Product_1533,45.3
Store_4,Product_1534,95.68
Store_5,Product_1535,91.87
Store_1,Product_1536,75.13
Store_2,Product_1537,86.15
Store_3,Product_1538,75.86
Store_4,Product_1539,66.7
Store_5,Product_1540,84.45
Store_1,Product_1541,87.55
Store_2,Product_1542,78.19
Store_3,Product_1543,23.84
Store_4,Product_1544,44.98
Store_5,Product_1545,24.05
Store_1,Product_1546,87.75
Store_2,Product_1547,78.54
Store_3,Product_1548,98.0
Store_4,Product_1549,1.86
Store_5,Product_1550,95.24
Store_1,Product_1551,53.31
Store_2,Product_1552,41.69
Store_3,Product_1553,50.63
Store_4,Product_1554,47.61
Store_5,Product_1555,14.55
Store_1,Product_1556,28.33
Store_2,Product_1557,6.69
Store_3,Product_1558,10.2
Store_4,Product_1559,51.9
Store_5,Product_1560,67.0
Store_1,Product_1561,68.1
Store_2,Product_1562,27.05
Store_3,Product_1563,91.94
Store_4,Product_1564,39.82
Store_5,Product_1565,48.01
Store_1,Product_1566,8.01
Store_2,Product_1567,44.85
Store_3,Product_1568,83.63
Store_4,Product_1569,10.42
Store_5,Product_1570,3.11
Store_1,Product_1571,59.37
Store_2,Product_1572,42.07
Store_3,Product_1573,72.4
Store_4,Product_1574,31.54
Store_5,Product_1575,50.12
Store_1,Product_1576,80.07
Store_2,Product_1577,57.45
Store_3,Product_1578,72.5
Store_4,Product_1579,53.29
Store_5,Product_1580,61.49
Store_1,Product_1581,10.89
Store_2,Product_1582,71.61
Store_3,Product_1583,74.37
Store_4,Product_1584,35.14
Store_5,Product_1585,82.21
Store_1,Product_1586,45.12
Store_2,Product_1587,9.48
Store_3,Product_1588,52.71
Store_4,Product_1589,9.51
Store_5,Product_1590,28.56
Store_1,Product_1591,58.8
Store_2,Product_1592,78.83
Store_3,Product_1593,20.72
Store_4,Product_1594,46.74
Store_5,Product_1595,4.91
Store_1,Product_1596,85.49
Store_2,Product_1597,33.4
Store_3,Product_1598,86.8
Store_4,Product_1599,59.34
Store_5,Product_1600,49.41
Store_1,Product_1601,84.15
Store_2,Product_1602,17.37
Store_3,Product_1603,86.07
Store_4,Product_1604,2.03
Store_5,Product_1605,55.4
Store_1,Product_1606,61.32
Store_2,Product_1607,67.44
Store_3,Product_1608,62.57
Store_4,Product_1609,8.07
Store_5,Product_1610,54.46
Store_1,Product_1611,83.12
Store_2,Product_1612,18.44
Store_3,Product_1613,53.09
Store_4,Product_1614,12.83
Store_5,Product_1615,52.86
Store_1,Product_1616,49.53
Store_2,Product_1617,94.94
Store_3,Product_1618,50.23
Store_4,Product_1619,41.02
Store_5,Product_1620,70.59
Store_1,Product_1621,39.44
Store_2,Product_1622,92.88
Store_3,Product_1623,6.7
Store_4,Product_1624,22.96
Store_5,Product_1625,23.97
Store_1,Product_1626,96.13
Store_2,Product_1627,43.88
Store_3,Product_1628,79.56
Store_4,Product_1629,97.42
Store_5,Product_1630,99.35
Store_1,Product_1631,19.09
Store_2,Product_1632,69.98
Store_3,Product_1633,25.73
Store_4,Product_1634,97.61
Store_5,Product_1635,60.66
Store_1,Product_1636,68.24
Store_2,Product_1637,30.74
Store_3,Product_1638,74.71
Store_4,Product_1639,84.71
Store_5,Product_1640,85.27
Store_1,Product_1641,31.08
Store_2,Product_1642,4.41
Store_3,Product_1643,92.12
Store_4,Product_1644,51.64
Store_5,Product_1645,23.14
Store_1,Product_1646,79.94
Store_2,Product_1647,92.13
Store_3,Product_1648,24.65
Store_4,Product_1649,44.65
Store_5,Product_1650,97.47
Store_1,Product_1651,72.76
Store_2,Product_1652,49.7
Store_3,Product_1653,6.55
Store_4,Product_1654,15.85
Store_5,Product_1655,69.21
Store_1,Product_1656,3.91
Store_2,Product_1657,60.45
Store_3,Product_1658,69.61
Store_4,Product_1659,37.96
Store_5,Product_1660,2.91
Store_1,Product_1661,1.32
Store_2,Product_1662,58.97
Store_3,Product_1663,81.06
Store_4,Product_1664,96.31
Store_5,Product_1665,31.87
Store_1,Product_1666,38.46
Store_2,Product_1667,25.51
Store_3,Product_1668,64.0
Store_4,Product_1669,84.81
Store_5,Product_1670,11.88
Store_1,Product_1671,11.03
Store_2,Product_1672,19.45
Store_3,Product_1673,89.5
Store_4,Product_1674,68.0
Store_5,Product_1675,72.9
Store_1,Product_1676,15.84
Store_2,Product_1677,49.59
Store_3,Product_1678,34.6
Store_4,Product_1679,63.34
Store_5,Product_1680,63.25
Store_1,Product_1681,71.52
Store_2,Product_1682,75.59
Store_3,Product_1683,35.98
Store_4,Product_1684,7.13
Store_5,Product_1685,63.84
Store_1,Product_1686,48.88
Store_2,Product_1687,57.84
Store_3,Product_1688,93.61
Store_4,Product_1689,56.1
Store_5,Product_1690,55.22
Store_1,Product_1691,77.31
Store_2,Product_1692,38.39
Store_3,Product_1693,35.32
Store_4,Product_1694,52.95
Store_5,Product_1695,11.07
Store_1,Product_1696,59.78
Store_2,Product_1697,49.79
Store_3,Product_1698,29.74
Store_4,Product_1699,49.1
Store_5,Product_1700,67.09
Store_1,Product_1701,18.3
Store_2,Product_1702,53.34
Store_3,Product_1703,65.63
Store_4,Product_1704,44.21
Store_5,Product_1705,11.88
Store_1,Product_1706,84.55
Store_2,Product_1707,68.85
Store_3,Product_1708,70.08
Store_4,Product_1709,73.86
Store_5,Product_1710,2.85
Store_1,Product_1711,16.6
Store_2,Product_1712,22.17
Store_3,Product_1713,79.83
Store_4,Product_1714,72.66
Store_5,Product_1715,67.07
Store_1,Product_1716,25.17
Store_2,Product_1717,98.68
Store_3,Product_1718,7.77
Store_4,Product_1719,17.27
Store_5,Product_1720,76.66
Store_1,Product_1721,22.76
Store_2,Product_1722,59.38
Store_3,Product_1723,13.8
Store_4,Product_1724,82.12
Store_5,Product_1725,39.89
Store_1,Product_1726,51.46
Store_2,Product_1727,73.42
Store_3,Product_1728,10.17
Store_4,Product_1729,19.52
Store_5,Product_1730,23.93
Store_1,Product_1731,5.26
Store_2,Product_1732,39.16
Store_3,Product_1733,54.2
Store_4,Product_1734,58.36
Store_5,Product_1735,30.82
Store_1,Product_1736,79.73
Store_2,Product_1737,57.33
Store_3,Product_1738,56.49
Store_4,Product_1739,58.67
Store_5,Product_1740,26.4
Store_1,Product_1741,69.34
Store_2,Product_1742,97.02
Store_3,Product_1743,96.23
Store_4,Product_1744,93.53
Store_5,Product_1745,88.36
Store_1,Product_1746,68.85
Store_2,Product_1747,63.88
Store_3,Product_1748,51.64
Store_4,Product_1749,13.96
Store_5,Product_1750,80.28
Store_1,Product_1751,18.01
Store_2,Product_1752,57.87
Store_3,Product_1753,1.43
Store_4,Product_1754,55.84
Store_5,Product_1755,3.48
Store_1,Product_1756,19.6
Store_2,Product_1757,36.54
Store_3,Product_1758,45.04
Store_4,Product_1759,8.43
Store_5,Product_1760,59.12
Store_1,Product_1761,91.56
Store_2,Product_1762,10.43
Store_3,Product_1763,82.93
Store_4,Product_1764,52.09
Store_5,Product_1765,16.99
Store_1,Product_1766,15.15
Store_2,Product_1767,23.93
Store_3,Product_1768,32.95
Store_4,Product_1769,11.24
Store_5,Product_1770,15.33
Store_1,Product_1771,87.19
Store_2,Product_1772,16.62
Store_3,Product_1773,12.42
Store_4,Product_1774,69.72
Store_5,Product_1775,9.33
Store_1,Product_1776,1.66
Store_2,Product_1777,15.44
Store_3,Product_1778,94.05
Store_4,Product_1779,8.41
Store_5,Product_1780,13.29
Store_1,Product_1781,57.55
Store_2,Product_1782,70.89
Store_3,Product_1783,14.83
Store_4,Product_1784,82.01
Store_5,Product_1785,64.83
Store_1,Product_1786,91.57
Store_2,Product_1787,51.36
Store_3,Product_1788,61.74
Store_4,Product_1789,49.36
Store_5,Product_1790,54.16
Store_1,Product_1791,31.6
Store_2,Product_1792,46.52
Store_3,Product_1793,17.08
Store_4,Product_1794,48.71
Store_5,Product_1795,22.15
Store_1,Product_1796,11.13
Store_2,Product_1797,23.92
Store_3,Product_1798,53.29
Store_4,Product_1799,94.39
Store_5,Product_1800,32.38
Store_1,Product_1801,63.51
Store_2,Product_1802,66.33
Store_3,Product_1803,15.9
Store_4,Product_1804,85.26
Store_5,Product_1805,55.16
Store_1,Product_1806,49.91
Store_2,Product_1807,74.47
Store_3,Product_1808,17.69
Store_4,Product_1809,8.43
Store_5,Product_1810,92.16
Store_1,Product_1811,33.07
Store_2,Product_1812,76.21
Store_3,Product_1813,3.93
Store_4,Product_1814,86.53
Store_5,Product_1815,44.91
Store_1,Product_1816,47.31
Store_2,Product_1817,27.75
Store_3,Product_1818,17.79
Store_4,Product_1819,4.85
Store_5,Product_1820,83.08
Store_1,Product_1821,67.04
Store_2,Product_1822,2.74
Store_3,Product_1823,68.53
Store_4,Product_1824,75.76
Store_5,Product_1825,19.86
Store_1,Product_1826,33.02
Store_2,Product_1827,63.48
Store_3,Product_1828,71.47
Store_4,Product_1829,76.02
Store_5,Product_1830,1.49
Store_1,Product_1831,50.89
Store_2,Product_1832,90.15
Store_3,Product_1833,51.06
Store_4,Product_1834,87.16
Store_5,Product_1835,26.05
Store_1,Product_1836,73.34
Store_2,Product_1837,87.11
Store_3,Product_1838,46.56
Store_4,Product_1839,28.91
Store_5,Product_1840,54.36
Store_1,Product_1841,60.58
Store_2,Product_1842,49.75
Store_3,Product_1843,59.57
Store_4,Product_1844,79.14
Store_5,Product_1845,94.77
Store_1,Product_1846,47.49
Store_2,Product_1847,8.31
Store_3,Product_1848,96.02
Store_4,Product_1849,50.79
Store_5,Product_1850,93.88
Store_1,Product_1851,38.41
Store_2,Product_1852,91.87
Store_3,Product_1853,1.9
Store_4,Product_1854,7.46
Store_5,Product_1855,53.4
Store_1,Product_1856,80.36
Store_2,Product_1857,18.67
Store_3,Product_1858,85.19
Store_4,Product_1859,2.83
Store_5,Product_1860,91.2
Store_1,Product_1861,59.88
Store_2,Product_1862,74.76
Store_3,Product_1863,9.26
Store_4,Product_1864,28.94
Store_5,Product_1865,15.45
Store_1,Product_1866,7.89
Store_2,Product_1867,3.22
Store_3,Product_1868,30.27
Store_4,Product_1869,14.53
Store_5,Product_1870,74.49
Store_1,Product_1871,76.56
Store_2,Product_1872,21.46
Store_3,Product_1873,88.31
Store_4,Product_1874,64.22
Store_5,Product_1875,63.62
Store_1,Product_1876,51.4
Store_2,Product_1877,70.15
Store_3,Product_1878,91.4
Store_4,Product_1879,29.29
Store_5,Product_1880,43.91
Store_1,Product_1881,89.53
Store_2,Product_1882,22.86
Store_3,Product_1883,1.5
Store_4,Product_1884,15.17
Store_5,Product_1885,49.77
Store_1,Product_1886,79.72
Store_2,Product_1887,64.94
Store_3,Product_1888,40.07
Store_4,Product_1889,20.19
Store_5,Product_1890,34.45
Store_1,Product_1891,47.76
Store_2,Product_1892,64.59
Store_3,Product_1893,52.08
Store_4,Product_1894,93.97
Store_5,Product_1895,85.7
Store_1,Product_1896,17.05
Store_2,Product_1897,8.74
Store_3,Product_1898,50.88
Store_4,Product_1899,68.31
Store_5,Product_1900,31.69
Store_1,Product_1901,47.16
Store_2,Product_1902,3.38
Store_3,Product_1903,35.94
Store_4,Product_1904,67.63
Store_5,Product_1905,28.14
Store_1,Product_1906,85.79
Store_2,Product_1907,35.61
Store_3,Product_1908,11.49
Store_4,Product_1909,78.4
Store_5,Product_1910,20.4
Store_1,Product_1911,20.06
Store_2,Product_1912,62.41
Store_3,Product_1913,22.44
Store_4,Product_1914,73.73
Store_5,Product_1915,70.4
Store_1,Product_1916,70.55
Store_2,Product_1917,61.13
Store_3,Product_1918,89.43
Store_4,Product_1919,62.53
Store_5,Product_1920,81.73
Store_1,Product_1921,64.04
Store_2,Product_1922,77.25
Store_3,Product_1923,11.68
Store_4,Product_1924,9.73
Store_5,Product_1925,84.21
Store_1,Product_1926,3.95
Store_2,Product_1927,69.87
Store_3,Product_1928,78.32
Store_4,Product_1929,21.52
Store_5,Product_1930,66.87
Store_1,Product_1931,1.59
Store_2,Product_1932,15.71
Store_3,Product_1933,37.67
Store_4,Product_1934,61.27
Store_5,Product_1935,40.57
Store_1,Product_1936,18.83
Store_2,Product_1937,91.02
Store_3,Product_1938,26.13
Store_4,Product_1939,70.99
Store_5,Product_1940,14.25
Store_1,Product_1941,76.33
Store_2,Product_1942,92.36
Store_3,Product_1943,29.55
Store_4,Product_1944,68.12
Store_5,Product_1945,18.23
Store_1,Product_1946,33.78
Store_2,Product_1947,64.94
Store_3,Product_1948,18.35
Store_4,Product_1949,84.58
Store_5,Product_1950,5.84
Store_1,Product_1951,61.95
Store_2,Product_1952,52.36
Store_3,Product_1953,40.73
Store_4,Product_1954,96.25
Store_5,Product_1955,42.39
Store_1,Product_1956,9.82
Store_2,Product_1957,75.32
Store_3,Product_1958,96.49
Store_4,Product_1959,38.08
Store_5,Product_1960,83.43
Store_1,Product_1961,32.57
Store_2,Product_1962,86.89
Store_3,Product_1963,56.15
Store_4,Product_1964,20.8
Store_5,Product_1965,56.8
Store_1,Product_1966,29.25
Store_2,Product_1967,59.38
Store_3,Product_1968,58.07
Store_4,Product_1969,97.72
Store_5,Product_1970,9.32
Store_1,Product_1971,61.2
Store_2,Product_1972,38.17
Store_3,Product_1973,91.75
Store_4,Product_1974,7.53
Store_5,Product_1975,5.63
Store_1,Product_1976,12.94
Store_2,Product_1977,30.22
Store_3,Product_1978,33.86
Store_4,Product_1979,36.73
Store_5,Product_1980,92.29
Store_1,Product_1981,76.75
Store_2,Product_1982,88.01
Store_3,Product_1983,81.53
Store_4,Product_1984,28.74
Store_5,Product_1985,11.91
Store_1,Product_1986,86.3
Store_2,Product_1987,83.82
Store_3,Product_1988,32.99
Store_4,Product_1989,19.84
Store_5,Product_1990,68.75
Store_1,Product_1991,64.52
Store_2,Product_1992,51.9
Store_3,Product_1993,18.78
Store_4,Product_1994,37.69
Store_5,Product_1995,62.3
Store_1,Product_1996,74.91
Store_2,Product_1997,90.8
Store_3,Product_1998,71.49
Store_4,Product_1999,2.59
Store_5,Product_2000,21.72
