Store,Product,Cost_Lowest
Store_1,Product_1,84.15
Store_2,Product_2,94.07
Store_3,Product_3,29.97
Store_4,Product_4,63.67
Store_5,Product_5,38.9
Store_1,Product_6,52.77
Store_2,Product_7,65.89
Store_3,Product_8,5.69
Store_4,Product_9,11.58
Store_5,Product_10,3.16
Store_1,Product_11,38.91
Store_2,Product_12,89.32
Store_3,Product_13,21.01
Store_4,Product_14,70.72
Store_5,Product_15,43.91
Store_1,Product_16,45.5
Store_2,Product_17,10.15
Store_3,Product_18,72.47
Store_4,Product_19,29.5
Store_5,Product_20,95.28
Store_1,Product_21,76.04
Store_2,Product_22,98.44
Store_3,Product_23,79.41
Store_4,Product_24,70.91
Store_5,Product_25,36.04
Store_1,Product_26,90.16
Store_2,Product_27,50.14
Store_3,Product_28,1.12
Store_4,Product_29,86.97
Store_5,Product_30,93.2
Store_1,Product_31,4.28
Store_2,Product_32,84.46
Store_3,Product_33,93.4
Store_4,Product_34,14.68
Store_5,Product_35,55.99
Store_1,Product_36,9.29
Store_2,Product_37,63.6
Store_3,Product_38,4.33
Store_4,Product_39,59.46
Store_5,Product_40,66.04
Store_1,Product_41,98.96
Store_2,Product_42,37.43
Store_3,Product_43,74.83
Store_4,Product_44,93.53
Store_5,Product_45,70.54
Store_1,Product_46,88.35
Store_2,Product_47,20.33
Store_3,Product_48,22.2
Store_4,Product_49,52.44
Store_5,Product_50,19.0
Store_1,Product_51,76.95
Store_2,Product_52,60.11
Store_3,Product_53,51.02
Store_4,Product_54,2.17
Store_5,Product_55,56.25
Store_1,Product_56,19.74
Store_2,Product_57,65.86
Store_3,Product_58,22.76
Store_4,Product_59,99.84
Store_5,Product_60,75.43
Store_1,Product_61,36.03
Store_2,Product_62,23.67
Store_3,Product_63,95.55
Store_4,Product_64,61.17
Store_5,Product_65,63.03
Store_1,Product_66,63.03
Store_2,Product_67,39.53
Store_3,Product_68,28.42
Store_4,Product_69,2.58
Store_5,Product_70,92.06
Store_1,Product_71,31.92
Store_2,Product_72,94.84
Store_3,Product_73,80.44
Store_4,Product_74,55.48
Store_5,Product_75,69.26
Store_1,Product_76,12.06
Store_2,Product_77,50.97
Store_3,Product_78,91.95
Store_4,Product_79,84.18
Store_5,Product_80,15.48
Store_1,Product_81,87.95
Store_2,Product_82,4.35
Store_3,Product_83,94.26
Store_4,Product_84,58.44
Store_5,Product_85,57.96
Store_1,Product_86,34.73
Store_2,Product_87,59.44
Store_3,Product_88,15.96
Store_4,Product_89,58.81
Store_5,Product_90,18.07
Store_1,Product_91,90.67
Store_2,Product_92,70.55
Store_3,Product_93,9.86
Store_4,Product_94,15.35
Store_5,Product_95,30.65
Store_1,Product_96,95.56
Store_2,Product_97,27.91
Store_3,Product_98,61.41
Store_4,Product_99,28.38
Store_5,Product_100,62.21
Store_1,Product_101,8.99
Store_2,Product_102,97.42
Store_3,Product_103,38.01
Store_4,Product_104,58.63
Store_5,Product_105,50.8
Store_1,Product_106,14.25
Store_2,Product_107,86.47
Store_3,Product_108,18.41
Store_4,Product_109,55.0
Store_5,Product_110,48.88
Store_1,Product_111,91.0
Store_2,Product_112,47.27
Store_3,Product_113,44.5
Store_4,Product_114,96.97
Store_5,Product_115,43.47
Store_1,Product_116,87.25
Store_2,Product_117,84.93
Store_3,Product_118,49.79
Store_4,Product_119,32.96
Store_5,Product_120,92.12
Store_1,Product_121,7.88
Store_2,Product_122,55.1
Store_3,Product_123,98.07
Store_4,Product_124,84.9
Store_5,Product_125,38.36
Store_1,Product_126,74.18
Store_2,Product_127,13.55
Store_3,Product_128,56.13
Store_4,Product_129,70.46
Store_5,Product_130,63.56
Store_1,Product_131,73.93
Store_2,Product_132,56.2
Store_3,Product_133,80.49
Store_4,Product_134,12.95
Store_5,Product_135,75.85
Store_1,Product_136,16.49
Store_2,Product_137,99.04
Store_3,Product_138,66.66
Store_4,Product_139,35.21
Store_5,Product_140,60.9
Store_1,Product_141,10.12
Store_2,Product_142,91.71
Store_3,Product_143,63.14
Store_4,Product_144,47.38
Store_5,Product_145,91.16
Store_1,Product_146,38.33
Store_2,Product_147,29.55
Store_3,Product_148,95.8
Store_4,Product_149,13.94
Store_5,Product_150,64.71
Store_1,Product_151,85.3
Store_2,Product_152,76.07
Store_3,Product_153,73.03
Store_4,Product_154,30.27
Store_5,Product_155,32.38
Store_1,Product_156,43.19
Store_2,Product_157,5.49
Store_3,Product_158,4.7
Store_4,Product_159,65.47
Store_5,Product_160,41.83
Store_1,Product_161,14.27
Store_2,Product_162,31.97
Store_3,Product_163,75.99
Store_4,Product_164,85.88
Store_5,Product_165,72.94
Store_1,Product_166,9.36
Store_2,Product_167,5.93
Store_3,Product_168,49.62
Store_4,Product_169,19.58
Store_5,Product_170,44.18
Store_1,Product_171,14.83
Store_2,Product_172,57.68
Store_3,Product_173,26.01
Store_4,Product_174,98.95
Store_5,Product_175,76.02
Store_1,Product_176,16.43
Store_2,Product_177,81.64
Store_3,Product_178,41.15
Store_4,Product_179,63.15
Store_5,Product_180,4.69
Store_1,Product_181,30.97
Store_2,Product_182,6.18
Store_3,Product_183,34.42
Store_4,Product_184,47.25
Store_5,Product_185,88.04
Store_1,Product_186,91.89
Store_2,Product_187,59.85
Store_3,Product_188,78.31
Store_4,Product_189,85.65
Store_5,Product_190,88.86
Store_1,Product_191,68.82
Store_2,Product_192,66.99
Store_3,Product_193,96.83
Store_4,Product_194,31.1
Store_5,Product_195,98.51
Store_1,Product_196,50.69
Store_2,Product_197,27.11
Store_3,Product_198,95.43
Store_4,Product_199,9.65
Store_5,Product_200,2.91
Store_1,Product_201,80.36
Store_2,Product_202,32.19
Store_3,Product_203,99.38
Store_4,Product_204,12.99
Store_5,Product_205,69.77
Store_1,Product_206,54.65
Store_2,Product_207,29.46
Store_3,Product_208,46.09
Store_4,Product_209,13.35
Store_5,Product_210,95.15
Store_1,Product_211,12.1
Store_2,Product_212,74.96
Store_3,Product_213,13.35
Store_4,Product_214,22.19
Store_5,Product_215,11.17
Store_1,Product_216,10.35
Store_2,Product_217,54.98
Store_3,Product_218,3.06
Store_4,Product_219,53.49
Store_5,Product_220,40.12
Store_1,Product_221,21.46
Store_2,Product_222,45.71
Store_3,Product_223,89.02
Store_4,Product_224,79.41
Store_5,Product_225,60.22
Store_1,Product_226,38.12
Store_2,Product_227,72.18
Store_3,Product_228,18.92
Store_4,Product_229,99.59
Store_5,Product_230,62.64
Store_1,Product_231,92.83
Store_2,Product_232,17.05
Store_3,Product_233,17.29
Store_4,Product_234,60.95
Store_5,Product_235,84.82
Store_1,Product_236,78.44
Store_2,Product_237,3.06
Store_3,Product_238,19.27
Store_4,Product_239,31.0
Store_5,Product_240,10.35
Store_1,Product_241,29.54
Store_2,Product_242,24.26
Store_3,Product_243,92.8
Store_4,Product_244,21.3
Store_5,Product_245,93.69
Store_1,Product_246,79.2
Store_2,Product_247,90.98
Store_3,Product_248,90.73
Store_4,Product_249,75.46
Store_5,Product_250,9.54
Store_1,Product_251,83.03
Store_2,Product_252,52.88
Store_3,Product_253,91.16
Store_4,Product_254,37.17
Store_5,Product_255,25.48
Store_1,Product_256,61.93
Store_2,Product_257,61.55
Store_3,Product_258,29.51
Store_4,Product_259,30.05
Store_5,Product_260,53.74
Store_1,Product_261,22.21
Store_2,Product_262,61.91
Store_3,Product_263,50.75
Store_4,Product_264,1.17
Store_5,Product_265,32.12
Store_1,Product_266,76.9
Store_2,Product_267,92.32
Store_3,Product_268,33.34
Store_4,Product_269,89.82
Store_5,Product_270,37.65
Store_1,Product_271,45.71
Store_2,Product_272,2.51
Store_3,Product_273,62.29
Store_4,Product_274,58.5
Store_5,Product_275,83.14
Store_1,Product_276,74.66
Store_2,Product_277,45.44
Store_3,Product_278,75.61
Store_4,Product_279,94.79
Store_5,Product_280,99.51
Store_1,Product_281,17.17
Store_2,Product_282,69.58
Store_3,Product_283,43.86
Store_4,Product_284,97.25
Store_5,Product_285,78.48
Store_1,Product_286,32.34
Store_2,Product_287,82.4
Store_3,Product_288,26.05
Store_4,Product_289,42.49
Store_5,Product_290,96.0
Store_1,Product_291,74.87
Store_2,Product_292,19.73
Store_3,Product_293,4.77
Store_4,Product_294,72.98
Store_5,Product_295,45.28
Store_1,Product_296,25.16
Store_2,Product_297,30.81
Store_3,Product_298,41.43
Store_4,Product_299,94.37
Store_5,Product_300,46.49
Store_1,Product_301,52.16
Store_2,Product_302,67.33
Store_3,Product_303,6.68
Store_4,Product_304,59.49
Store_5,Product_305,49.73
Store_1,Product_306,25.44
Store_2,Product_307,42.97
Store_3,Product_308,81.95
Store_4,Product_309,6.45
Store_5,Product_310,56.38
Store_1,Product_311,81.51
Store_2,Product_312,73.07
Store_3,Product_313,51.69
Store_4,Product_314,40.45
Store_5,Product_315,16.06
Store_1,Product_316,22.04
Store_2,Product_317,97.8
Store_3,Product_318,51.58
Store_4,Product_319,59.33
Store_5,Product_320,34.54
Store_1,Product_321,83.31
Store_2,Product_322,6.84
Store_3,Product_323,40.13
Store_4,Product_324,42.34
Store_5,Product_325,32.63
Store_1,Product_326,15.39
Store_2,Product_327,21.31
Store_3,Product_328,85.24
Store_4,Product_329,3.94
Store_5,Product_330,87.55
Store_1,Product_331,41.27
Store_2,Product_332,42.22
Store_3,Product_333,70.62
Store_4,Product_334,96.66
Store_5,Product_335,43.56
Store_1,Product_336,14.97
Store_2,Product_337,3.12
Store_3,Product_338,90.81
Store_4,Product_339,4.31
Store_5,Product_340,51.54
Store_1,Product_341,14.31
Store_2,Product_342,46.11
Store_3,Product_343,98.56
Store_4,Product_344,3.98
Store_5,Product_345,95.41
Store_1,Product_346,16.77
Store_2,Product_347,93.45
Store_3,Product_348,90.2
Store_4,Product_349,29.65
Store_5,Product_350,96.91
Store_1,Product_351,99.0
Store_2,Product_352,82.26
Store_3,Product_353,13.61
Store_4,Product_354,51.38
Store_5,Product_355,24.25
Store_1,Product_356,35.36
Store_2,Product_357,65.84
Store_3,Product_358,43.4
Store_4,Product_359,58.4
Store_5,Product_360,5.35
Store_1,Product_361,34.7
Store_2,Product_362,54.92
Store_3,Product_363,72.3
Store_4,Product_364,4.37
Store_5,Product_365,92.83
Store_1,Product_366,57.88
Store_2,Product_367,36.05
Store_3,Product_368,49.4
Store_4,Product_369,69.45
Store_5,Product_370,46.14
Store_1,Product_371,10.27
Store_2,Product_372,9.81
Store_3,Product_373,23.43
Store_4,Product_374,21.34
Store_5,Product_375,65.24
Store_1,Product_376,9.27
Store_2,Product_377,55.8
Store_3,Product_378,16.04
Store_4,Product_379,67.61
Store_5,Product_380,54.33
Store_1,Product_381,85.76
Store_2,Product_382,68.88
Store_3,Product_383,37.15
Store_4,Product_384,5.51
Store_5,Product_385,55.66
Store_1,Product_386,82.35
Store_2,Product_387,4.76
Store_3,Product_388,23.97
Store_4,Product_389,89.36
Store_5,Product_390,68.51
Store_1,Product_391,48.06
Store_2,Product_392,26.78
Store_3,Product_393,28.5
Store_4,Product_394,7.03
Store_5,Product_395,68.93
Store_1,Product_396,96.03
Store_2,Product_397,50.2
Store_3,Product_398,98.98
Store_4,Product_399,35.39
Store_5,Product_400,31.77
Store_1,Product_401,44.43
Store_2,Product_402,46.95
Store_3,Product_403,68.55
Store_4,Product_404,18.04
Store_5,Product_405,94.6
Store_1,Product_406,21.19
Store_2,Product_407,88.83
Store_3,Product_408,67.96
Store_4,Product_409,48.23
Store_5,Product_410,86.12
Store_1,Product_411,90.64
Store_2,Product_412,54.6
Store_3,Product_413,20.6
Store_4,Product_414,67.82
Store_5,Product_415,31.31
Store_1,Product_416,75.26
Store_2,Product_417,57.03
Store_3,Product_418,57.02
Store_4,Product_419,11.26
Store_5,Product_420,15.07
Store_1,Product_421,52.96
Store_2,Product_422,49.5
Store_3,Product_423,54.27
Store_4,Product_424,92.77
Store_5,Product_425,62.08
Store_1,Product_426,66.63
Store_2,Product_427,48.91
Store_3,Product_428,97.01
Store_4,Product_429,97.55
Store_5,Product_430,90.38
Store_1,Product_431,7.29
Store_2,Product_432,75.48
Store_3,Product_433,13.67
Store_4,Product_434,61.33
Store_5,Product_435,3.46
Store_1,Product_436,69.65
Store_2,Product_437,21.56
Store_3,Product_438,42.78
Store_4,Product_439,76.83
Store_5,Product_440,66.72
Store_1,Product_441,65.37
Store_2,Product_442,50.35
Store_3,Product_443,38.79
Store_4,Product_444,18.98
Store_5,Product_445,23.35
Store_1,Product_446,85.6
Store_2,Product_447,75.95
Store_3,Product_448,44.79
Store_4,Product_449,89.24
Store_5,Product_450,2.31
Store_1,Product_451,39.78
Store_2,Product_452,89.72
Store_3,Product_453,84.23
Store_4,Product_454,92.23
Store_5,Product_455,41.27
Store_1,Product_456,13.13
Store_2,Product_457,17.24
Store_3,Product_458,59.36
Store_4,Product_459,27.31
Store_5,Product_460,10.09
Store_1,Product_461,73.11
Store_2,Product_462,96.13
Store_3,Product_463,16.18
Store_4,Product_464,74.77
Store_5,Product_465,15.18
Store_1,Product_466,59.65
Store_2,Product_467,42.37
Store_3,Product_468,67.0
Store_4,Product_469,1.53
Store_5,Product_470,87.96
Store_1,Product_471,43.4
Store_2,Product_472,16.84
Store_3,Product_473,54.12
Store_4,Product_474,28.2
Store_5,Product_475,50.66
Store_1,Product_476,88.83
Store_2,Product_477,33.09
Store_3,Product_478,3.16
Store_4,Product_479,16.81
Store_5,Product_480,54.72
Store_1,Product_481,94.52
Store_2,Product_482,85.77
Store_3,Product_483,50.74
Store_4,Product_484,87.26
Store_5,Product_485,7.8
Store_1,Product_486,27.56
Store_2,Product_487,75.16
Store_3,Product_488,34.79
Store_4,Product_489,9.75
Store_5,Product_490,17.4
Store_1,Product_491,51.68
Store_2,Product_492,39.53
Store_3,Product_493,99.07
Store_4,Product_494,88.61
Store_5,Product_495,43.9
Store_1,Product_496,42.19
Store_2,Product_497,9.54
Store_3,Product_498,72.22
Store_4,Product_499,9.93
Store_5,Product_500,4.5
Store_1,Product_501,51.11
Store_2,Product_502,65.01
Store_3,Product_503,17.62
Store_4,Product_504,30.55
Store_5,Product_505,78.99
Store_1,Product_506,51.7
Store_2,Product_507,64.37
Store_3,Product_508,94.16
Store_4,Product_509,53.37
Store_5,Product_510,66.88
Store_1,Product_511,67.05
Store_2,Product_512,2.54
Store_3,Product_513,31.57
Store_4,Product_514,57.75
Store_5,Product_515,56.54
Store_1,Product_516,35.89
Store_2,Product_517,12.32
Store_3,Product_518,74.27
Store_4,Product_519,76.21
Store_5,Product_520,68.5
Store_1,Product_521,93.58
Store_2,Product_522,23.25
Store_3,Product_523,63.27
Store_4,Product_524,42.41
Store_5,Product_525,97.68
Store_1,Product_526,66.6
Store_2,Product_527,51.09
Store_3,Product_528,24.22
Store_4,Product_529,47.31
Store_5,Product_530,79.75
Store_1,Product_531,49.26
Store_2,Product_532,1.74
Store_3,Product_533,16.47
Store_4,Product_534,87.38
Store_5,Product_535,19.23
Store_1,Product_536,15.82
Store_2,Product_537,52.78
Store_3,Product_538,66.49
Store_4,Product_539,68.58
Store_5,Product_540,21.29
Store_1,Product_541,2.59
Store_2,Product_542,49.77
Store_3,Product_543,35.57
Store_4,Product_544,60.68
Store_5,Product_545,30.63
Store_1,Product_546,34.7
Store_2,Product_547,23.57
Store_3,Product_548,39.64
Store_4,Product_549,60.3
Store_5,Product_550,69.9
Store_1,Product_551,76.67
Store_2,Product_552,56.79
Store_3,Product_553,35.97
Store_4,Product_554,84.85
Store_5,Product_555,52.92
Store_1,Product_556,18.68
Store_2,Product_557,57.46
Store_3,Product_558,99.25
Store_4,Product_559,56.6
Store_5,Product_560,26.02
Store_1,Product_561,60.75
Store_2,Product_562,2.71
Store_3,Product_563,72.54
Store_4,Product_564,20.17
Store_5,Product_565,68.7
Store_1,Product_566,43.63
Store_2,Product_567,9.51
Store_3,Product_568,7.06
Store_4,Product_569,59.84
Store_5,Product_570,62.86
Store_1,Product_571,3.98
Store_2,Product_572,55.58
Store_3,Product_573,58.9
Store_4,Product_574,33.88
Store_5,Product_575,44.15
Store_1,Product_576,77.65
Store_2,Product_577,96.08
Store_3,Product_578,26.38
Store_4,Product_579,28.23
Store_5,Product_580,80.66
Store_1,Product_581,76.1
Store_2,Product_582,44.67
Store_3,Product_583,6.17
Store_4,Product_584,73.34
Store_5,Product_585,33.71
Store_1,Product_586,91.24
Store_2,Product_587,98.35
Store_3,Product_588,49.87
Store_4,Product_589,78.79
Store_5,Product_590,59.42
Store_1,Product_591,89.46
Store_2,Product_592,81.82
Store_3,Product_593,77.33
Store_4,Product_594,19.09
Store_5,Product_595,32.46
Store_1,Product_596,79.85
Store_2,Product_597,80.23
Store_3,Product_598,40.02
Store_4,Product_599,18.35
Store_5,Product_600,42.59
Store_1,Product_601,20.98
Store_2,Product_602,30.57
Store_3,Product_603,71.55
Store_4,Product_604,80.21
Store_5,Product_605,87.45
Store_1,Product_606,42.8
Store_2,Product_607,42.74
Store_3,Product_608,72.38
Store_4,Product_609,77.71
Store_5,Product_610,22.61
Store_1,Product_611,75.04
Store_2,Product_612,92.43
Store_3,Product_613,25.5
Store_4,Product_614,84.75
Store_5,Product_615,52.16
Store_1,Product_616,17.9
Store_2,Product_617,73.73
Store_3,Product_618,2.28
Store_4,Product_619,48.32
Store_5,Product_620,12.22
Store_1,Product_621,81.04
Store_2,Product_622,64.79
Store_3,Product_623,49.01
Store_4,Product_624,39.01
Store_5,Product_625,74.88
Store_1,Product_626,39.57
Store_2,Product_627,88.21
Store_3,Product_628,8.97
Store_4,Product_629,53.54
Store_5,Product_630,73.31
Store_1,Product_631,23.31
Store_2,Product_632,21.28
Store_3,Product_633,66.03
Store_4,Product_634,96.1
Store_5,Product_635,93.6
Store_1,Product_636,81.38
Store_2,Product_637,6.0
Store_3,Product_638,98.41
Store_4,Product_639,53.8
Store_5,Product_640,89.39
Store_1,Product_641,89.77
Store_2,Product_642,82.49
Store_3,Product_643,22.97
Store_4,Product_644,50.91
Store_5,Product_645,40.84
Store_1,Product_646,24.4
Store_2,Product_647,28.63
Store_3,Product_648,2.64
Store_4,Product_649,70.05
Store_5,Product_650,96.81
Store_1,Product_651,70.64
Store_2,Product_652,97.78
Store_3,Product_653,21.44
Store_4,Product_654,73.19
Store_5,Product_655,97.07
Store_1,Product_656,69.5
Store_2,Product_657,23.4
Store_3,Product_658,5.43
Store_4,Product_659,20.28
Store_5,Product_660,98.7
Store_1,Product_661,86.81
Store_2,Product_662,66.75
Store_3,Product_663,3.2
Store_4,Product_664,49.17
Store_5,Product_665,49.15
Store_1,Product_666,78.61
Store_2,Product_667,87.59
Store_3,Product_668,38.42
Store_4,Product_669,62.54
Store_5,Product_670,72.11
Store_1,Product_671,52.38
Store_2,Product_672,49.58
Store_3,Product_673,78.58
Store_4,Product_674,24.29
Store_5,Product_675,11.84
Store_1,Product_676,50.14
Store_2,Product_677,70.08
Store_3,Product_678,93.32
Store_4,Product_679,40.25
Store_5,Product_680,48.74
Store_1,Product_681,91.14
Store_2,Product_682,92.26
Store_3,Product_683,71.89
Store_4,Product_684,89.79
Store_5,Product_685,68.11
Store_1,Product_686,43.36
Store_2,Product_687,15.28
Store_3,Product_688,50.77
Store_4,Product_689,64.19
Store_5,Product_690,59.19
Store_1,Product_691,56.42
Store_2,Product_692,90.54
Store_3,Product_693,76.0
Store_4,Product_694,42.56
Store_5,Product_695,60.21
Store_1,Product_696,12.32
Store_2,Product_697,87.26
Store_3,Product_698,86.36
Store_4,Product_699,57.67
Store_5,Product_700,77.59
Store_1,Product_701,25.59
Store_2,Product_702,6.54
Store_3,Product_703,8.48
Store_4,Product_704,24.78
Store_5,Product_705,8.88
Store_1,Product_706,85.06
Store_2,Product_707,16.16
Store_3,Product_708,43.69
Store_4,Product_709,45.24
Store_5,Product_710,74.32
Store_1,Product_711,14.67
Store_2,Product_712,7.0
Store_3,Product_713,74.93
Store_4,Product_714,15.62
Store_5,Product_715,74.73
Store_1,Product_716,35.39
Store_2,Product_717,26.35
Store_3,Product_718,26.02
Store_4,Product_719,87.95
Store_5,Product_720,95.86
Store_1,Product_721,36.81
Store_2,Product_722,7.02
Store_3,Product_723,45.37
Store_4,Product_724,36.05
Store_5,Product_725,34.13
Store_1,Product_726,17.6
Store_2,Product_727,95.05
Store_3,Product_728,20.02
Store_4,Product_729,85.93
Store_5,Product_730,40.65
Store_1,Product_731,12.74
Store_2,Product_732,71.99
Store_3,Product_733,1.78
Store_4,Product_734,19.87
Store_5,Product_735,84.6
Store_1,Product_736,96.01
Store_2,Product_737,54.13
Store_3,Product_738,89.15
Store_4,Product_739,78.66
Store_5,Product_740,20.07
Store_1,Product_741,26.6
Store_2,Product_742,75.8
Store_3,Product_743,85.6
Store_4,Product_744,13.79
Store_5,Product_745,36.95
Store_1,Product_746,21.12
Store_2,Product_747,11.45
Store_3,Product_748,44.19
Store_4,Product_749,90.4
Store_5,Product_750,65.14
Store_1,Product_751,91.25
Store_2,Product_752,62.53
Store_3,Product_753,43.23
Store_4,Product_754,53.43
Store_5,Product_755,50.88
Store_1,Product_756,91.38
Store_2,Product_757,80.72
Store_3,Product_758,78.04
Store_4,Product_759,31.52
Store_5,Product_760,44.3
Store_1,Product_761,36.3
Store_2,Product_762,67.28
Store_3,Product_763,17.73
Store_4,Product_764,68.72
Store_5,Product_765,13.1
Store_1,Product_766,20.45
Store_2,Product_767,53.21
Store_3,Product_768,5.82
Store_4,Product_769,41.71
Store_5,Product_770,16.77
Store_1,Product_771,70.99
Store_2,Product_772,75.99
Store_3,Product_773,99.78
Store_4,Product_774,4.21
Store_5,Product_775,76.42
Store_1,Product_776,91.79
Store_2,Product_777,41.98
Store_3,Product_778,25.16
Store_4,Product_779,14.39
Store_5,Product_780,92.63
Store_1,Product_781,63.03
Store_2,Product_782,44.23
Store_3,Product_783,81.02
Store_4,Product_784,37.87
Store_5,Product_785,31.67
Store_1,Product_786,89.36
Store_2,Product_787,30.83
Store_3,Product_788,47.07
Store_4,Product_789,54.32
Store_5,Product_790,64.52
Store_1,Product_791,16.31
Store_2,Product_792,51.68
Store_3,Product_793,19.7
Store_4,Product_794,80.91
Store_5,Product_795,99.68
Store_1,Product_796,66.91
Store_2,Product_797,2.73
Store_3,Product_798,26.46
Store_4,Product_799,58.15
Store_5,Product_800,10.34
Store_1,Product_801,83.65
Store_2,Product_802,55.19
Store_3,Product_803,61.88
Store_4,Product_804,83.85
Store_5,Product_805,13.03
Store_1,Product_806,33.79
Store_2,Product_807,53.28
Store_3,Product_808,86.07
Store_4,Product_809,39.56
Store_5,Product_810,92.39
Store_1,Product_811,31.17
Store_2,Product_812,28.5
Store_3,Product_813,80.43
Store_4,Product_814,47.25
Store_5,Product_815,39.12
Store_1,Product_816,80.94
Store_2,Product_817,52.62
Store_3,Product_818,23.91
Store_4,Product_819,25.74
Store_5,Product_820,76.55
Store_1,Product_821,50.0
Store_2,Product_822,31.41
Store_3,Product_823,38.03
Store_4,Product_824,64.49
Store_5,Product_825,70.08
Store_1,Product_826,65.14
Store_2,Product_827,44.22
Store_3,Product_828,22.56
Store_4,Product_829,39.26
Store_5,Product_830,49.71
Store_1,Product_831,58.94
Store_2,Product_832,93.34
Store_3,Product_833,15.98
Store_4,Product_834,89.21
Store_5,Product_835,50.77
Store_1,Product_836,40.83
Store_2,Product_837,2.01
Store_3,Product_838,58.73
Store_4,Product_839,97.7
Store_5,Product_840,48.42
Store_1,Product_841,37.55
Store_2,Product_842,19.91
Store_3,Product_843,78.19
Store_4,Product_844,59.62
Store_5,Product_845,97.7
Store_1,Product_846,13.28
Store_2,Product_847,30.94
Store_3,Product_848,95.56
Store_4,Product_849,65.98
Store_5,Product_850,81.59
Store_1,Product_851,91.7
Store_2,Product_852,23.91
Store_3,Product_853,52.31
Store_4,Product_854,89.98
Store_5,Product_855,64.28
Store_1,Product_856,13.4
Store_2,Product_857,81.42
Store_3,Product_858,25.44
Store_4,Product_859,95.47
Store_5,Product_860,97.79
Store_1,Product_861,55.24
Store_2,Product_862,35.21
Store_3,Product_863,75.88
Store_4,Product_864,13.98
Store_5,Product_865,60.3
Store_1,Product_866,22.58
Store_2,Product_867,12.67
Store_3,Product_868,58.08
Store_4,Product_869,4.79
Store_5,Product_870,82.12
Store_1,Product_871,48.81
Store_2,Product_872,25.9
Store_3,Product_873,61.68
Store_4,Product_874,2.06
Store_5,Product_875,63.88
Store_1,Product_876,79.22
Store_2,Product_877,97.41
Store_3,Product_878,85.5
Store_4,Product_879,48.29
Store_5,Product_880,11.7
Store_1,Product_881,75.81
Store_2,Product_882,75.21
Store_3,Product_883,24.61
Store_4,Product_884,38.43
Store_5,Product_885,33.83
Store_1,Product_886,84.54
Store_2,Product_887,34.89
Store_3,Product_888,96.79
Store_4,Product_889,68.64
Store_5,Product_890,16.65
Store_1,Product_891,38.5
Store_2,Product_892,51.71
Store_3,Product_893,7.12
Store_4,Product_894,60.07
Store_5,Product_895,69.18
Store_1,Product_896,35.14
Store_2,Product_897,55.12
Store_3,Product_898,36.48
Store_4,Product_899,7.04
Store_5,Product_900,44.27
Store_1,Product_901,86.98
Store_2,Product_902,99.16
Store_3,Product_903,66.66
Store_4,Product_904,6.82
Store_5,Product_905,98.32
Store_1,Product_906,8.31
Store_2,Product_907,59.09
Store_3,Product_908,69.0
Store_4,Product_909,93.66
Store_5,Product_910,93.48
Store_1,Product_911,28.11
Store_2,Product_912,13.71
Store_3,Product_913,21.12
Store_4,Product_914,7.76
Store_5,Product_915,72.58
Store_1,Product_916,96.3
Store_2,Product_917,63.32
Store_3,Product_918,68.08
Store_4,Product_919,28.3
Store_5,Product_920,99.37
Store_1,Product_921,83.36
Store_2,Product_922,55.14
Store_3,Product_923,82.42
Store_4,Product_924,42.4
Store_5,Product_925,41.52
Store_1,Product_926,74.96
Store_2,Product_927,58.4
Store_3,Product_928,81.75
Store_4,Product_929,16.58
Store_5,Product_930,4.86
Store_1,Product_931,24.38
Store_2,Product_932,55.98
Store_3,Product_933,59.2
Store_4,Product_934,14.28
Store_5,Product_935,1.41
Store_1,Product_936,55.84
Store_2,Product_937,87.72
Store_3,Product_938,48.3
Store_4,Product_939,31.68
Store_5,Product_940,97.03
Store_1,Product_941,86.83
Store_2,Product_942,49.93
Store_3,Product_943,63.58
Store_4,Product_944,79.59
Store_5,Product_945,82.27
Store_1,Product_946,13.92
Store_2,Product_947,99.48
Store_3,Product_948,93.03
Store_4,Product_949,1.89
Store_5,Product_950,66.82
Store_1,Product_951,16.27
Store_2,Product_952,1.92
Store_3,Product_953,83.78
Store_4,Product_954,96.87
Store_5,Product_955,2.66
Store_1,Product_956,81.45
Store_2,Product_957,53.54
Store_3,Product_958,73.19
Store_4,Product_959,5.0
Store_5,Product_960,86.45
Store_1,Product_961,46.38
Store_2,Product_962,4.5
Store_3,Product_963,7.47
Store_4,Product_964,42.41
Store_5,Product_965,61.92
Store_1,Product_966,57.24
Store_2,Product_967,47.36
Store_3,Product_968,74.37
Store_4,Product_969,81.05
Store_5,Product_970,31.63
Store_1,Product_971,50.48
Store_2,Product_972,40.02
Store_3,Product_973,55.11
Store_4,Product_974,51.68
Store_5,Product_975,98.64
Store_1,Product_976,79.75
Store_2,Product_977,89.87
Store_3,Product_978,82.39
Store_4,Product_979,85.04
Store_5,Product_980,52.96
Store_1,Product_981,61.31
Store_2,Product_982,82.38
Store_3,Product_983,18.77
Store_4,Product_984,42.2
Store_5,Product_985,26.12
Store_1,Product_986,1.36
Store_2,Product_987,19.81
Store_3,Product_988,87.88
Store_4,Product_989,42.98
Store_5,Product_990,66.47
Store_1,Product_991,5.5
Store_2,Product_992,47.49
Store_3,Product_993,6.92
Store_4,Product_994,35.12
Store_5,Product_995,98.94
Store_1,Product_996,90.86
Store_2,Product_997,70.72
Store_3,Product_998,14.94
Store_4,Product_999,11.72
Store_5,Product_1000,41.21
Store_1,Product_1001,34.29
Store_2,Product_1002,5.84
Store_3,Product_1003,62.44
Store_4,Product_1004,11.72
Store_5,Product_1005,95.43
Store_1,Product_1006,49.17
Store_2,Product_1007,94.14
Store_3,Product_1008,52.25
Store_4,Product_1009,45.13
Store_5,Product_1010,52.62
Store_1,Product_1011,35.1
Store_2,Product_1012,13.35
Store_3,Product_1013,79.21
Store_4,Product_1014,6.39
Store_5,Product_1015,80.98
Store_1,Product_1016,69.04
Store_2,Product_1017,8.99
Store_3,Product_1018,8.26
Store_4,Product_1019,57.98
Store_5,Product_1020,5.98
Store_1,Product_1021,27.61
Store_2,Product_1022,63.49
Store_3,Product_1023,66.45
Store_4,Product_1024,32.73
Store_5,Product_1025,47.23
Store_1,Product_1026,98.75
Store_2,Product_1027,91.83
Store_3,Product_1028,82.31
Store_4,Product_1029,84.66
Store_5,Product_1030,31.3
Store_1,Product_1031,75.46
Store_2,Product_1032,99.13
Store_3,Product_1033,10.09
Store_4,Product_1034,3.1
Store_5,Product_1035,78.97
Store_1,Product_1036,2.6
Store_2,Product_1037,74.98
Store_3,Product_1038,27.05
Store_4,Product_1039,15.01
Store_5,Product_1040,10.12
Store_1,Product_1041,40.73
Store_2,Product_1042,73.37
Store_3,Product_1043,64.26
Store_4,Product_1044,94.42
Store_5,Product_1045,79.72
Store_1,Product_1046,87.98
Store_2,Product_1047,41.03
Store_3,Product_1048,15.22
Store_4,Product_1049,85.49
Store_5,Product_1050,62.1
Store_1,Product_1051,24.21
Store_2,Product_1052,84.33
Store_3,Product_1053,96.69
Store_4,Product_1054,70.55
Store_5,Product_1055,81.86
Store_1,Product_1056,36.59
Store_2,Product_1057,35.98
Store_3,Product_1058,77.56
Store_4,Product_1059,90.74
Store_5,Product_1060,25.6
Store_1,Product_1061,75.98
Store_2,Product_1062,99.44
Store_3,Product_1063,26.09
Store_4,Product_1064,16.88
Store_5,Product_1065,55.65
Store_1,Product_1066,13.23
Store_2,Product_1067,19.0
Store_3,Product_1068,14.64
Store_4,Product_1069,17.13
Store_5,Product_1070,81.02
Store_1,Product_1071,84.2
Store_2,Product_1072,95.26
Store_3,Product_1073,46.53
Store_4,Product_1074,17.82
Store_5,Product_1075,95.26
Store_1,Product_1076,21.04
Store_2,Product_1077,4.59
Store_3,Product_1078,32.93
Store_4,Product_1079,91.53
Store_5,Product_1080,8.35
Store_1,Product_1081,32.06
Store_2,Product_1082,86.11
Store_3,Product_1083,14.92
Store_4,Product_1084,53.6
Store_5,Product_1085,88.86
Store_1,Product_1086,20.96
Store_2,Product_1087,60.98
Store_3,Product_1088,35.6
Store_4,Product_1089,12.84
Store_5,Product_1090,16.97
Store_1,Product_1091,6.41
Store_2,Product_1092,40.22
Store_3,Product_1093,49.3
Store_4,Product_1094,3.48
Store_5,Product_1095,50.81
Store_1,Product_1096,74.72
Store_2,Product_1097,74.26
Store_3,Product_1098,1.96
Store_4,Product_1099,53.06
Store_5,Product_1100,8.67
Store_1,Product_1101,89.97
Store_2,Product_1102,73.22
Store_3,Product_1103,40.93
Store_4,Product_1104,85.82
Store_5,Product_1105,48.52
Store_1,Product_1106,93.01
Store_2,Product_1107,39.37
Store_3,Product_1108,96.92
Store_4,Product_1109,95.01
Store_5,Product_1110,79.42
Store_1,Product_1111,21.41
Store_2,Product_1112,85.73
Store_3,Product_1113,9.47
Store_4,Product_1114,26.31
Store_5,Product_1115,25.77
Store_1,Product_1116,8.41
Store_2,Product_1117,70.35
Store_3,Product_1118,80.33
Store_4,Product_1119,31.22
Store_5,Product_1120,88.61
Store_1,Product_1121,59.62
Store_2,Product_1122,74.17
Store_3,Product_1123,10.4
Store_4,Product_1124,78.57
Store_5,Product_1125,82.61
Store_1,Product_1126,22.92
Store_2,Product_1127,91.55
Store_3,Product_1128,22.93
Store_4,Product_1129,37.33
Store_5,Product_1130,34.75
Store_1,Product_1131,70.72
Store_2,Product_1132,30.7
Store_3,Product_1133,90.32
Store_4,Product_1134,94.97
Store_5,Product_1135,76.43
Store_1,Product_1136,50.29
Store_2,Product_1137,52.12
Store_3,Product_1138,73.41
Store_4,Product_1139,78.01
Store_5,Product_1140,2.56
Store_1,Product_1141,19.46
Store_2,Product_1142,50.35
Store_3,Product_1143,89.78
Store_4,Product_1144,80.82
Store_5,Product_1145,24.06
Store_1,Product_1146,19.92
Store_2,Product_1147,41.4
Store_3,Product_1148,11.1
Store_4,Product_1149,14.15
Store_5,Product_1150,7.04
Store_1,Product_1151,45.93
Store_2,Product_1152,18.15
Store_3,Product_1153,17.66
Store_4,Product_1154,28.54
Store_5,Product_1155,80.35
Store_1,Product_1156,67.16
Store_2,Product_1157,35.9
Store_3,Product_1158,9.06
Store_4,Product_1159,35.37
Store_5,Product_1160,91.29
Store_1,Product_1161,90.95
Store_2,Product_1162,7.77
Store_3,Product_1163,86.39
Store_4,Product_1164,4.83
Store_5,Product_1165,41.66
Store_1,Product_1166,91.1
Store_2,Product_1167,75.79
Store_3,Product_1168,94.59
Store_4,Product_1169,42.73
Store_5,Product_1170,17.28
Store_1,Product_1171,10.88
Store_2,Product_1172,48.84
Store_3,Product_1173,17.05
Store_4,Product_1174,77.75
Store_5,Product_1175,12.68
Store_1,Product_1176,49.03
Store_2,Product_1177,70.96
Store_3,Product_1178,96.02
Store_4,Product_1179,4.15
Store_5,Product_1180,98.17
Store_1,Product_1181,3.93
Store_2,Product_1182,30.77
Store_3,Product_1183,6.54
Store_4,Product_1184,57.74
Store_5,Product_1185,59.53
Store_1,Product_1186,97.34
Store_2,Product_1187,43.21
Store_3,Product_1188,16.28
Store_4,Product_1189,13.57
Store_5,Product_1190,88.0
Store_1,Product_1191,76.24
Store_2,Product_1192,59.72
Store_3,Product_1193,84.66
Store_4,Product_1194,75.77
Store_5,Product_1195,47.72
Store_1,Product_1196,44.08
Store_2,Product_1197,21.45
Store_3,Product_1198,44.68
Store_4,Product_1199,26.58
Store_5,Product_1200,96.98
Store_1,Product_1201,84.2
Store_2,Product_1202,99.37
Store_3,Product_1203,82.4
Store_4,Product_1204,5.88
Store_5,Product_1205,38.43
Store_1,Product_1206,92.35
Store_2,Product_1207,31.87
Store_3,Product_1208,55.31
Store_4,Product_1209,98.1
Store_5,Product_1210,27.95
Store_1,Product_1211,36.08
Store_2,Product_1212,99.57
Store_3,Product_1213,44.99
Store_4,Product_1214,57.94
Store_5,Product_1215,92.35
Store_1,Product_1216,60.9
Store_2,Product_1217,41.88
Store_3,Product_1218,54.19
Store_4,Product_1219,44.82
Store_5,Product_1220,16.92
Store_1,Product_1221,28.02
Store_2,Product_1222,93.99
Store_3,Product_1223,75.07
Store_4,Product_1224,87.49
Store_5,Product_1225,99.64
Store_1,Product_1226,66.07
Store_2,Product_1227,28.45
Store_3,Product_1228,94.1
Store_4,Product_1229,81.78
Store_5,Product_1230,11.71
Store_1,Product_1231,79.18
Store_2,Product_1232,84.03
Store_3,Product_1233,6.59
Store_4,Product_1234,63.19
Store_5,Product_1235,84.48
Store_1,Product_1236,68.18
Store_2,Product_1237,58.66
Store_3,Product_1238,41.43
Store_4,Product_1239,91.61
Store_5,Product_1240,21.78
Store_1,Product_1241,42.31
Store_2,Product_1242,13.0
Store_3,Product_1243,82.38
Store_4,Product_1244,63.47
Store_5,Product_1245,41.48
Store_1,Product_1246,30.18
Store_2,Product_1247,44.43
Store_3,Product_1248,46.32
Store_4,Product_1249,42.57
Store_5,Product_1250,12.97
Store_1,Product_1251,66.98
Store_2,Product_1252,44.11
Store_3,Product_1253,86.65
Store_4,Product_1254,84.64
Store_5,Product_1255,43.22
Store_1,Product_1256,70.16
Store_2,Product_1257,86.38
Store_3,Product_1258,21.53
Store_4,Product_1259,10.5
Store_5,Product_1260,75.8
Store_1,Product_1261,52.18
Store_2,Product_1262,37.78
Store_3,Product_1263,38.1
Store_4,Product_1264,38.02
Store_5,Product_1265,49.1
Store_1,Product_1266,48.51
Store_2,Product_1267,93.94
Store_3,Product_1268,16.65
Store_4,Product_1269,67.17
Store_5,Product_1270,67.2
Store_1,Product_1271,16.11
Store_2,Product_1272,55.02
Store_3,Product_1273,32.56
Store_4,Product_1274,72.64
Store_5,Product_1275,57.07
Store_1,Product_1276,39.57
Store_2,Product_1277,70.89
Store_3,Product_1278,7.93
Store_4,Product_1279,6.84
Store_5,Product_1280,3.7
Store_1,Product_1281,56.86
Store_2,Product_1282,96.2
Store_3,Product_1283,56.34
Store_4,Product_1284,84.65
Store_5,Product_1285,65.79
Store_1,Product_1286,83.59
Store_2,Product_1287,80.33
Store_3,Product_1288,14.42
Store_4,Product_1289,79.28
Store_5,Product_1290,37.19
Store_1,Product_1291,26.31
Store_2,Product_1292,18.7
Store_3,Product_1293,53.99
Store_4,Product_1294,44.73
Store_5,Product_1295,83.8
Store_1,Product_1296,27.94
Store_2,Product_1297,99.65
Store_3,Product_1298,70.42
Store_4,Product_1299,79.34
Store_5,Product_1300,3.48
Store_1,Product_1301,2.78
Store_2,Product_1302,86.37
Store_3,Product_1303,42.81
Store_4,Product_1304,47.49
Store_5,Product_1305,27.63
Store_1,Product_1306,96.45
Store_2,Product_1307,74.0
Store_3,Product_1308,7.58
Store_4,Product_1309,21.78
Store_5,Product_1310,47.79
Store_1,Product_1311,44.36
Store_2,Product_1312,73.97
Store_3,Product_1313,89.97
Store_4,Product_1314,10.52
Store_5,Product_1315,49.26
Store_1,Product_1316,61.02
Store_2,Product_1317,62.47
Store_3,Product_1318,10.71
Store_4,Product_1319,13.21
Store_5,Product_1320,41.71
Store_1,Product_1321,10.36
Store_2,Product_1322,85.69
Store_3,Product_1323,64.17
Store_4,Product_1324,57.35
Store_5,Product_1325,20.31
Store_1,Product_1326,61.96
Store_2,Product_1327,28.8
Store_3,Product_1328,5.56
Store_4,Product_1329,5.34
Store_5,Product_1330,21.95
Store_1,Product_1331,42.67
Store_2,Product_1332,20.05
Store_3,Product_1333,54.32
Store_4,Product_1334,79.21
Store_5,Product_1335,4.03
Store_1,Product_1336,41.15
Store_2,Product_1337,31.92
Store_3,Product_1338,29.29
Store_4,Product_1339,17.22
Store_5,Product_1340,82.12
Store_1,Product_1341,55.4
Store_2,Product_1342,81.57
Store_3,Product_1343,39.27
Store_4,Product_1344,19.7
Store_5,Product_1345,40.45
Store_1,Product_1346,46.07
Store_2,Product_1347,95.32
Store_3,Product_1348,63.98
Store_4,Product_1349,95.05
Store_5,Product_1350,68.57
Store_1,Product_1351,11.42
Store_2,Product_1352,1.29
Store_3,Product_1353,10.99
Store_4,Product_1354,73.62
Store_5,Product_1355,77.95
Store_1,Product_1356,84.34
Store_2,Product_1357,6.24
Store_3,Product_1358,74.66
Store_4,Product_1359,58.82
Store_5,Product_1360,35.05
Store_1,Product_1361,43.5
Store_2,Product_1362,19.03
Store_3,Product_1363,93.38
Store_4,Product_1364,24.79
Store_5,Product_1365,40.59
Store_1,Product_1366,15.85
Store_2,Product_1367,58.27
Store_3,Product_1368,73.01
Store_4,Product_1369,83.88
Store_5,Product_1370,43.12
Store_1,Product_1371,94.88
Store_2,Product_1372,41.93
Store_3,Product_1373,66.47
Store_4,Product_1374,36.97
Store_5,Product_1375,87.48
Store_1,Product_1376,71.36
Store_2,Product_1377,39.01
Store_3,Product_1378,44.72
Store_4,Product_1379,50.31
Store_5,Product_1380,49.72
Store_1,Product_1381,13.56
Store_2,Product_1382,50.22
Store_3,Product_1383,83.93
Store_4,Product_1384,66.72
Store_5,Product_1385,45.73
Store_1,Product_1386,2.11
Store_2,Product_1387,60.66
Store_3,Product_1388,79.25
Store_4,Product_1389,88.56
Store_5,Product_1390,2.58
Store_1,Product_1391,3.69
Store_2,Product_1392,49.9
Store_3,Product_1393,21.83
Store_4,Product_1394,23.5
Store_5,Product_1395,66.39
Store_1,Product_1396,46.73
Store_2,Product_1397,9.75
Store_3,Product_1398,80.11
Store_4,Product_1399,78.79
Store_5,Product_1400,19.07
Store_1,Product_1401,94.64
Store_2,Product_1402,26.74
Store_3,Product_1403,63.39
Store_4,Product_1404,71.7
Store_5,Product_1405,73.35
Store_1,Product_1406,19.19
Store_2,Product_1407,5.51
Store_3,Product_1408,84.38
Store_4,Product_1409,8.48
Store_5,Product_1410,68.63
Store_1,Product_1411,21.07
Store_2,Product_1412,95.49
Store_3,Product_1413,93.32
Store_4,Product_1414,81.42
Store_5,Product_1415,37.33
Store_1,Product_1416,42.88
Store_2,Product_1417,46.95
Store_3,Product_1418,72.75
Store_4,Product_1419,8.51
Store_5,Product_1420,66.92
Store_1,Product_1421,9.4
Store_2,Product_1422,7.45
Store_3,Product_1423,76.45
Store_4,Product_1424,61.12
Store_5,Product_1425,98.37
Store_1,Product_1426,52.93
Store_2,Product_1427,69.95
Store_3,Product_1428,77.19
Store_4,Product_1429,72.92
Store_5,Product_1430,75.28
Store_1,Product_1431,14.19
Store_2,Product_1432,65.77
Store_3,Product_1433,62.92
Store_4,Product_1434,10.1
Store_5,Product_1435,44.75
Store_1,Product_1436,15.75
Store_2,Product_1437,56.13
Store_3,Product_1438,54.42
Store_4,Product_1439,84.99
Store_5,Product_1440,56.06
Store_1,Product_1441,57.48
Store_2,Product_1442,85.76
Store_3,Product_1443,76.54
Store_4,Product_1444,18.38
Store_5,Product_1445,2.1
Store_1,Product_1446,43.43
Store_2,Product_1447,57.92
Store_3,Product_1448,81.92
Store_4,Product_1449,48.56
Store_5,Product_1450,97.43
Store_1,Product_1451,3.28
Store_2,Product_1452,94.68
Store_3,Product_1453,1.1
Store_4,Product_1454,62.55
Store_5,Product_1455,35.3
Store_1,Product_1456,96.07
Store_2,Product_1457,58.96
Store_3,Product_1458,84.74
Store_4,Product_1459,31.83
Store_5,Product_1460,57.42
Store_1,Product_1461,73.31
Store_2,Product_1462,31.34
Store_3,Product_1463,27.09
Store_4,Product_1464,44.08
Store_5,Product_1465,98.05
Store_1,Product_1466,53.6
Store_2,Product_1467,15.63
Store_3,Product_1468,3.78
Store_4,Product_1469,71.99
Store_5,Product_1470,58.58
Store_1,Product_1471,5.79
Store_2,Product_1472,62.0
Store_3,Product_1473,83.09
Store_4,Product_1474,91.72
Store_5,Product_1475,60.46
Store_1,Product_1476,29.52
Store_2,Product_1477,18.27
Store_3,Product_1478,6.39
Store_4,Product_1479,7.62
Store_5,Product_1480,46.44
Store_1,Product_1481,58.48
Store_2,Product_1482,58.24
Store_3,Product_1483,62.29
Store_4,Product_1484,98.09
Store_5,Product_1485,8.04
Store_1,Product_1486,86.91
Store_2,Product_1487,43.21
Store_3,Product_1488,42.25
Store_4,Product_1489,21.68
Store_5,Product_1490,34.84
Store_1,Product_1491,88.03
Store_2,Product_1492,93.04
Store_3,Product_1493,57.62
Store_4,Product_1494,9.52
Store_5,Product_1495,71.15
Store_1,Product_1496,40.8
Store_2,Product_1497,99.48
Store_3,Product_1498,20.93
Store_4,Product_1499,62.85
Store_5,Product_1500,7.19
Store_1,Product_1501,61.28
Store_2,Product_1502,45.38
Store_3,Product_1503,62.78
Store_4,Product_1504,2.59
Store_5,Product_1505,12.43
Store_1,Product_1506,89.51
Store_2,Product_1507,58.97
Store_3,Product_1508,91.94
Store_4,Product_1509,89.09
Store_5,Product_1510,83.43
Store_1,Product_1511,58.32
Store_2,Product_1512,31.84
Store_3,Product_1513,61.82
Store_4,Product_1514,12.87
Store_5,Product_1515,2.04
Store_1,Product_1516,37.8
Store_2,Product_1517,14.64
Store_3,Product_1518,87.19
Store_4,Product_1519,34.44
Store_5,Product_1520,95.06
Store_1,Product_1521,43.94
Store_2,Product_1522,48.05
Store_3,Product_1523,62.35
Store_4,Product_1524,57.71
Store_5,Product_1525,11.51
Store_1,Product_1526,72.85
Store_2,Product_1527,41.4
Store_3,Product_1528,29.42
Store_4,Product_1529,46.44
Store_5,Product_1530,91.35
Store_1,Product_1531,88.15
Store_2,Product_1532,1.79
Store_3,Product_1533,19.62
Store_4,Product_1534,78.23
Store_5,Product_1535,4.11
Store_1,Product_1536,79.97
Store_2,Product_1537,26.27
Store_3,Product_1538,66.59
Store_4,Product_1539,59.47
Store_5,Product_1540,35.27
Store_1,Product_1541,16.53
Store_2,Product_1542,65.56
Store_3,Product_1543,52.09
Store_4,Product_1544,56.69
Store_5,Product_1545,71.16
Store_1,Product_1546,98.72
Store_2,Product_1547,98.93
Store_3,Product_1548,69.73
Store_4,Product_1549,75.81
Store_5,Product_1550,24.84
Store_1,Product_1551,75.72
Store_2,Product_1552,9.57
Store_3,Product_1553,6.48
Store_4,Product_1554,34.63
Store_5,Product_1555,99.72
Store_1,Product_1556,58.3
Store_2,Product_1557,23.79
Store_3,Product_1558,21.0
Store_4,Product_1559,5.89
Store_5,Product_1560,75.34
Store_1,Product_1561,30.55
Store_2,Product_1562,20.92
Store_3,Product_1563,68.39
Store_4,Product_1564,20.78
Store_5,Product_1565,27.56
Store_1,Product_1566,84.78
Store_2,Product_1567,50.45
Store_3,Product_1568,6.19
Store_4,Product_1569,62.57
Store_5,Product_1570,28.14
Store_1,Product_1571,96.49
Store_2,Product_1572,27.27
Store_3,Product_1573,84.74
Store_4,Product_1574,52.38
Store_5,Product_1575,77.99
Store_1,Product_1576,28.31
Store_2,Product_1577,10.74
Store_3,Product_1578,13.55
Store_4,Product_1579,40.11
Store_5,Product_1580,25.58
Store_1,Product_1581,20.64
Store_2,Product_1582,19.89
Store_3,Product_1583,62.08
Store_4,Product_1584,3.87
Store_5,Product_1585,5.96
Store_1,Product_1586,61.17
Store_2,Product_1587,22.94
Store_3,Product_1588,18.86
Store_4,Product_1589,76.71
Store_5,Product_1590,53.26
Store_1,Product_1591,74.47
Store_2,Product_1592,57.59
Store_3,Product_1593,6.4
Store_4,Product_1594,58.87
Store_5,Product_1595,89.54
Store_1,Product_1596,75.13
Store_2,Product_1597,27.1
Store_3,Product_1598,48.19
Store_4,Product_1599,33.1
Store_5,Product_1600,24.18
Store_1,Product_1601,83.56
Store_2,Product_1602,96.68
Store_3,Product_1603,55.45
Store_4,Product_1604,40.84
Store_5,Product_1605,42.38
Store_1,Product_1606,64.78
Store_2,Product_1607,75.48
Store_3,Product_1608,23.01
Store_4,Product_1609,64.23
Store_5,Product_1610,36.27
Store_1,Product_1611,26.86
Store_2,Product_1612,92.61
Store_3,Product_1613,96.43
Store_4,Product_1614,85.08
Store_5,Product_1615,64.12
Store_1,Product_1616,34.17
Store_2,Product_1617,33.76
Store_3,Product_1618,92.89
Store_4,Product_1619,99.88
Store_5,Product_1620,5.16
Store_1,Product_1621,84.26
Store_2,Product_1622,37.81
Store_3,Product_1623,17.34
Store_4,Product_1624,82.61
Store_5,Product_1625,95.58
Store_1,Product_1626,75.83
Store_2,Product_1627,44.11
Store_3,Product_1628,14.82
Store_4,Product_1629,77.04
Store_5,Product_1630,9.43
Store_1,Product_1631,3.8
Store_2,Product_1632,93.63
Store_3,Product_1633,52.28
Store_4,Product_1634,78.55
Store_5,Product_1635,99.57
Store_1,Product_1636,15.16
Store_2,Product_1637,12.79
Store_3,Product_1638,34.95
Store_4,Product_1639,97.0
Store_5,Product_1640,47.64
Store_1,Product_1641,5.05
Store_2,Product_1642,17.33
Store_3,Product_1643,72.8
Store_4,Product_1644,36.45
Store_5,Product_1645,89.44
Store_1,Product_1646,16.48
Store_2,Product_1647,1.88
Store_3,Product_1648,90.64
Store_4,Product_1649,82.6
Store_5,Product_1650,16.84
Store_1,Product_1651,14.79
Store_2,Product_1652,2.74
Store_3,Product_1653,53.72
Store_4,Product_1654,52.45
Store_5,Product_1655,70.49
Store_1,Product_1656,91.58
Store_2,Product_1657,35.24
Store_3,Product_1658,68.54
Store_4,Product_1659,13.29
Store_5,Product_1660,41.49
Store_1,Product_1661,42.21
Store_2,Product_1662,54.56
Store_3,Product_1663,85.06
Store_4,Product_1664,20.72
Store_5,Product_1665,13.82
Store_1,Product_1666,62.77
Store_2,Product_1667,54.53
Store_3,Product_1668,19.57
Store_4,Product_1669,51.92
Store_5,Product_1670,14.94
Store_1,Product_1671,36.75
Store_2,Product_1672,54.38
Store_3,Product_1673,95.76
Store_4,Product_1674,34.73
Store_5,Product_1675,36.51
Store_1,Product_1676,43.03
Store_2,Product_1677,68.34
Store_3,Product_1678,60.29
Store_4,Product_1679,53.34
Store_5,Product_1680,44.42
Store_1,Product_1681,10.77
Store_2,Product_1682,20.37
Store_3,Product_1683,12.68
Store_4,Product_1684,76.68
Store_5,Product_1685,25.07
Store_1,Product_1686,65.75
Store_2,Product_1687,51.76
Store_3,Product_1688,39.68
Store_4,Product_1689,13.77
Store_5,Product_1690,92.83
Store_1,Product_1691,30.04
Store_2,Product_1692,95.93
Store_3,Product_1693,44.68
Store_4,Product_1694,9.65
Store_5,Product_1695,31.1
Store_1,Product_1696,88.71
Store_2,Product_1697,99.08
Store_3,Product_1698,47.37
Store_4,Product_1699,77.66
Store_5,Product_1700,29.47
Store_1,Product_1701,20.39
Store_2,Product_1702,29.4
Store_3,Product_1703,48.31
Store_4,Product_1704,66.36
Store_5,Product_1705,68.63
Store_1,Product_1706,66.25
Store_2,Product_1707,85.49
Store_3,Product_1708,1.67
Store_4,Product_1709,81.87
Store_5,Product_1710,56.28
Store_1,Product_1711,15.68
Store_2,Product_1712,39.27
Store_3,Product_1713,39.35
Store_4,Product_1714,30.83
Store_5,Product_1715,91.53
Store_1,Product_1716,94.41
Store_2,Product_1717,37.28
Store_3,Product_1718,84.45
Store_4,Product_1719,45.64
Store_5,Product_1720,42.45
Store_1,Product_1721,26.82
Store_2,Product_1722,39.45
Store_3,Product_1723,80.12
Store_4,Product_1724,17.28
Store_5,Product_1725,79.65
Store_1,Product_1726,93.63
Store_2,Product_1727,87.28
Store_3,Product_1728,86.64
Store_4,Product_1729,92.81
Store_5,Product_1730,96.78
Store_1,Product_1731,19.81
Store_2,Product_1732,99.71
Store_3,Product_1733,13.52
Store_4,Product_1734,17.01
Store_5,Product_1735,14.68
Store_1,Product_1736,69.27
Store_2,Product_1737,53.77
Store_3,Product_1738,39.66
Store_4,Product_1739,86.03
Store_5,Product_1740,84.4
Store_1,Product_1741,20.48
Store_2,Product_1742,28.63
Store_3,Product_1743,32.38
Store_4,Product_1744,6.51
Store_5,Product_1745,37.41
Store_1,Product_1746,28.58
Store_2,Product_1747,90.71
Store_3,Product_1748,64.27
Store_4,Product_1749,16.74
Store_5,Product_1750,1.68
Store_1,Product_1751,22.01
Store_2,Product_1752,9.63
Store_3,Product_1753,76.73
Store_4,Product_1754,6.97
Store_5,Product_1755,39.34
Store_1,Product_1756,57.79
Store_2,Product_1757,46.08
Store_3,Product_1758,99.58
Store_4,Product_1759,69.72
Store_5,Product_1760,48.37
Store_1,Product_1761,75.35
Store_2,Product_1762,90.46
Store_3,Product_1763,10.37
Store_4,Product_1764,76.58
Store_5,Product_1765,94.05
Store_1,Product_1766,21.88
Store_2,Product_1767,70.57
Store_3,Product_1768,67.25
Store_4,Product_1769,14.2
Store_5,Product_1770,17.07
Store_1,Product_1771,53.51
Store_2,Product_1772,84.48
Store_3,Product_1773,14.26
Store_4,Product_1774,40.96
Store_5,Product_1775,34.9
Store_1,Product_1776,75.95
Store_2,Product_1777,62.15
Store_3,Product_1778,3.99
Store_4,Product_1779,61.87
Store_5,Product_1780,91.07
Store_1,Product_1781,62.22
Store_2,Product_1782,47.3
Store_3,Product_1783,65.38
Store_4,Product_1784,95.07
Store_5,Product_1785,21.68
Store_1,Product_1786,27.49
Store_2,Product_1787,1.43
Store_3,Product_1788,69.99
Store_4,Product_1789,33.3
Store_5,Product_1790,40.15
Store_1,Product_1791,45.6
Store_2,Product_1792,71.37
Store_3,Product_1793,80.11
Store_4,Product_1794,4.13
Store_5,Product_1795,99.3
Store_1,Product_1796,91.94
Store_2,Product_1797,37.59
Store_3,Product_1798,26.34
Store_4,Product_1799,22.15
Store_5,Product_1800,77.88
Store_1,Product_1801,83.43
Store_2,Product_1802,10.84
Store_3,Product_1803,86.49
Store_4,Product_1804,43.51
Store_5,Product_1805,14.57
Store_1,Product_1806,14.54
Store_2,Product_1807,28.87
Store_3,Product_1808,10.85
Store_4,Product_1809,24.87
Store_5,Product_1810,21.25
Store_1,Product_1811,35.06
Store_2,Product_1812,41.96
Store_3,Product_1813,54.29
Store_4,Product_1814,96.0
Store_5,Product_1815,85.31
Store_1,Product_1816,67.98
Store_2,Product_1817,75.45
Store_3,Product_1818,3.07
Store_4,Product_1819,2.56
Store_5,Product_1820,95.87
Store_1,Product_1821,47.62
Store_2,Product_1822,97.02
Store_3,Product_1823,33.54
Store_4,Product_1824,85.8
Store_5,Product_1825,6.36
Store_1,Product_1826,77.62
Store_2,Product_1827,74.42
Store_3,Product_1828,41.49
Store_4,Product_1829,48.33
Store_5,Product_1830,60.12
Store_1,Product_1831,73.34
Store_2,Product_1832,36.06
Store_3,Product_1833,41.24
Store_4,Product_1834,22.67
Store_5,Product_1835,30.86
Store_1,Product_1836,78.85
Store_2,Product_1837,12.31
Store_3,Product_1838,5.64
Store_4,Product_1839,3.2
Store_5,Product_1840,59.89
Store_1,Product_1841,59.19
Store_2,Product_1842,83.44
Store_3,Product_1843,35.47
Store_4,Product_1844,23.34
Store_5,Product_1845,30.45
Store_1,Product_1846,21.94
Store_2,Product_1847,30.37
Store_3,Product_1848,62.06
Store_4,Product_1849,49.58
Store_5,Product_1850,18.76
Store_1,Product_1851,24.41
Store_2,Product_1852,40.19
Store_3,Product_1853,36.53
Store_4,Product_1854,90.1
Store_5,Product_1855,75.08
Store_1,Product_1856,17.05
Store_2,Product_1857,80.91
Store_3,Product_1858,6.14
Store_4,Product_1859,78.82
Store_5,Product_1860,2.84
Store_1,Product_1861,41.75
Store_2,Product_1862,6.54
Store_3,Product_1863,82.17
Store_4,Product_1864,40.39
Store_5,Product_1865,86.2
Store_1,Product_1866,13.02
Store_2,Product_1867,69.16
Store_3,Product_1868,71.66
Store_4,Product_1869,45.48
Store_5,Product_1870,23.03
Store_1,Product_1871,89.24
Store_2,Product_1872,23.4
Store_3,Product_1873,72.46
Store_4,Product_1874,75.54
Store_5,Product_1875,85.21
Store_1,Product_1876,36.31
Store_2,Product_1877,6.74
Store_3,Product_1878,15.21
Store_4,Product_1879,13.48
Store_5,Product_1880,79.73
Store_1,Product_1881,7.32
Store_2,Product_1882,98.38
Store_3,Product_1883,21.65
Store_4,Product_1884,70.88
Store_5,Product_1885,77.98
Store_1,Product_1886,37.65
Store_2,Product_1887,78.21
Store_3,Product_1888,27.34
Store_4,Product_1889,64.87
Store_5,Product_1890,94.61
Store_1,Product_1891,58.19
Store_2,Product_1892,93.68
Store_3,Product_1893,16.12
Store_4,Product_1894,73.27
Store_5,Product_1895,3.48
Store_1,Product_1896,42.86
Store_2,Product_1897,44.27
Store_3,Product_1898,57.72
Store_4,Product_1899,89.61
Store_5,Product_1900,45.65
Store_1,Product_1901,75.07
Store_2,Product_1902,45.0
Store_3,Product_1903,20.66
Store_4,Product_1904,28.39
Store_5,Product_1905,31.75
Store_1,Product_1906,97.22
Store_2,Product_1907,98.45
Store_3,Product_1908,47.07
Store_4,Product_1909,32.37
Store_5,Product_1910,32.28
Store_1,Product_1911,66.87
Store_2,Product_1912,56.7
Store_3,Product_1913,79.2
Store_4,Product_1914,3.55
Store_5,Product_1915,46.72
Store_1,Product_1916,15.66
Store_2,Product_1917,49.31
Store_3,Product_1918,59.22
Store_4,Product_1919,3.6
Store_5,Product_1920,51.9
Store_1,Product_1921,69.98
Store_2,Product_1922,99.26
Store_3,Product_1923,87.08
Store_4,Product_1924,54.52
Store_5,Product_1925,29.42
Store_1,Product_1926,15.33
Store_2,Product_1927,24.47
Store_3,Product_1928,57.08
Store_4,Product_1929,85.49
Store_5,Product_1930,97.88
Store_1,Product_1931,62.22
Store_2,Product_1932,78.17
Store_3,Product_1933,79.41
Store_4,Product_1934,40.57
Store_5,Product_1935,37.92
Store_1,Product_1936,47.55
Store_2,Product_1937,50.25
Store_3,Product_1938,57.39
Store_4,Product_1939,20.52
Store_5,Product_1940,50.89
Store_1,Product_1941,1.61
Store_2,Product_1942,47.08
Store_3,Product_1943,41.43
Store_4,Product_1944,61.09
Store_5,Product_1945,18.64
Store_1,Product_1946,26.79
Store_2,Product_1947,15.98
Store_3,Product_1948,89.41
Store_4,Product_1949,91.24
Store_5,Product_1950,24.82
Store_1,Product_1951,50.99
Store_2,Product_1952,49.83
Store_3,Product_1953,70.43
Store_4,Product_1954,70.45
Store_5,Product_1955,89.31
Store_1,Product_1956,31.38
Store_2,Product_1957,9.05
Store_3,Product_1958,28.23
Store_4,Product_1959,7.52
Store_5,Product_1960,29.82
Store_1,Product_1961,96.9
Store_2,Product_1962,18.87
Store_3,Product_1963,86.26
Store_4,Product_1964,25.69
Store_5,Product_1965,10.08
Store_1,Product_1966,58.16
Store_2,Product_1967,77.47
Store_3,Product_1968,63.06
Store_4,Product_1969,22.63
Store_5,Product_1970,21.0
Store_1,Product_1971,70.93
Store_2,Product_1972,54.02
Store_3,Product_1973,88.08
Store_4,Product_1974,25.66
Store_5,Product_1975,35.18
Store_1,Product_1976,89.86
Store_2,Product_1977,88.0
Store_3,Product_1978,91.8
Store_4,Product_1979,9.59
Store_5,Product_1980,16.3
Store_1,Product_1981,26.69
Store_2,Product_1982,6.64
Store_3,Product_1983,2.96
Store_4,Product_1984,5.16
Store_5,Product_1985,99.12
Store_1,Product_1986,3.86
Store_2,Product_1987,79.91
Store_3,Product_1988,97.83
Store_4,Product_1989,91.04
Store_5,Product_1990,74.76
Store_1,Product_1991,88.53
Store_2,Product_1992,95.7
Store_3,Product_1993,24.74
Store_4,Product_1994,20.63
Store_5,Product_1995,45.51
Store_1,Product_1996,30.39
Store_2,Product_1997,45.09
Store_3,Product_1998,86.9
Store_4,Product_1999,15.61
Store_5,Product_2000,68.97
