Store,Product,Cost_Product
Store_1,Product_1,23.23
Store_2,Product_2,39.65
Store_3,Product_3,20.91
Store_4,Product_4,67.8
Store_5,Product_5,72.11
Store_1,Product_6,79.18
Store_2,Product_7,85.68
Store_3,Product_8,63.52
Store_4,Product_9,81.01
Store_5,Product_10,17.97
Store_1,Product_11,17.14
Store_2,Product_12,49.86
Store_3,Product_13,80.1
Store_4,Product_14,81.35
Store_5,Product_15,83.7
Store_1,Product_16,83.84
Store_2,Product_17,93.83
Store_3,Product_18,67.55
Store_4,Product_19,2.7
Store_5,Product_20,7.58
Store_1,Product_21,45.39
Store_2,Product_22,1.68
Store_3,Product_23,5.67
Store_4,Product_24,54.17
Store_5,Product_25,28.58
Store_1,Product_26,55.32
Store_2,Product_27,78.04
Store_3,Product_28,45.95
Store_4,Product_29,98.88
Store_5,Product_30,39.49
Store_1,Product_31,33.52
Store_2,Product_32,3.64
Store_3,Product_33,17.4
Store_4,Product_34,18.98
Store_5,Product_35,6.04
Store_1,Product_36,73.41
Store_2,Product_37,3.27
Store_3,Product_38,39.43
Store_4,Product_39,2.5
Store_5,Product_40,11.03
Store_1,Product_41,76.98
Store_2,Product_42,88.43
Store_3,Product_43,46.39
Store_4,Product_44,91.0
Store_5,Product_45,14.08
Store_1,Product_46,72.72
Store_2,Product_47,48.68
Store_3,Product_48,12.7
Store_4,Product_49,67.05
Store_5,Product_50,85.45
Store_1,Product_51,9.89
Store_2,Product_52,22.77
Store_3,Product_53,89.56
Store_4,Product_54,1.43
Store_5,Product_55,29.57
Store_1,Product_56,63.66
Store_2,Product_57,40.35
Store_3,Product_58,27.33
Store_4,Product_59,99.36
Store_5,Product_60,86.95
Store_1,Product_61,7.61
Store_2,Product_62,46.06
Store_3,Product_63,56.15
Store_4,Product_64,49.9
Store_5,Product_65,53.03
Store_1,Product_66,41.71
Store_2,Product_67,82.81
Store_3,Product_68,63.21
Store_4,Product_69,99.34
Store_5,Product_70,37.65
Store_1,Product_71,30.01
Store_2,Product_72,63.48
Store_3,Product_73,45.7
Store_4,Product_74,97.09
Store_5,Product_75,7.92
Store_1,Product_76,83.01
Store_2,Product_77,94.34
Store_3,Product_78,29.35
Store_4,Product_79,10.36
Store_5,Product_80,10.34
Store_1,Product_81,40.47
Store_2,Product_82,19.75
Store_3,Product_83,19.81
Store_4,Product_84,39.35
Store_5,Product_85,76.83
Store_1,Product_86,89.33
Store_2,Product_87,12.35
Store_3,Product_88,50.69
Store_4,Product_89,70.76
Store_5,Product_90,51.7
Store_1,Product_91,51.51
Store_2,Product_92,84.79
Store_3,Product_93,29.75
Store_4,Product_94,60.56
Store_5,Product_95,88.2
Store_1,Product_96,33.83
Store_2,Product_97,54.14
Store_3,Product_98,52.88
Store_4,Product_99,48.35
Store_5,Product_100,69.37
Store_1,Product_101,28.9
Store_2,Product_102,12.66
Store_3,Product_103,8.12
Store_4,Product_104,93.14
Store_5,Product_105,78.79
Store_1,Product_106,84.82
Store_2,Product_107,11.65
Store_3,Product_108,65.96
Store_4,Product_109,20.43
Store_5,Product_110,52.43
Store_1,Product_111,58.35
Store_2,Product_112,77.29
Store_3,Product_113,6.68
Store_4,Product_114,87.6
Store_5,Product_115,67.8
Store_1,Product_116,47.53
Store_2,Product_117,69.2
Store_3,Product_118,14.95
Store_4,Product_119,23.71
Store_5,Product_120,34.55
Store_1,Product_121,39.36
Store_2,Product_122,3.04
Store_3,Product_123,51.48
Store_4,Product_124,52.27
Store_5,Product_125,80.43
Store_1,Product_126,64.72
Store_2,Product_127,41.02
Store_3,Product_128,76.02
Store_4,Product_129,41.85
Store_5,Product_130,12.9
Store_1,Product_131,8.9
Store_2,Product_132,74.18
Store_3,Product_133,80.88
Store_4,Product_134,95.58
Store_5,Product_135,38.19
Store_1,Product_136,3.07
Store_2,Product_137,10.76
Store_3,Product_138,87.38
Store_4,Product_139,10.25
Store_5,Product_140,72.37
Store_1,Product_141,9.93
Store_2,Product_142,15.21
Store_3,Product_143,51.55
Store_4,Product_144,18.14
Store_5,Product_145,14.28
Store_1,Product_146,57.36
Store_2,Product_147,69.98
Store_3,Product_148,45.01
Store_4,Product_149,1.46
Store_5,Product_150,40.91
Store_1,Product_151,13.25
Store_2,Product_152,64.61
Store_3,Product_153,37.26
Store_4,Product_154,76.28
Store_5,Product_155,19.62
Store_1,Product_156,91.11
Store_2,Product_157,82.21
Store_3,Product_158,63.25
Store_4,Product_159,17.08
Store_5,Product_160,51.99
Store_1,Product_161,45.25
Store_2,Product_162,45.06
Store_3,Product_163,21.41
Store_4,Product_164,58.84
Store_5,Product_165,70.94
Store_1,Product_166,95.31
Store_2,Product_167,54.92
Store_3,Product_168,50.11
Store_4,Product_169,92.91
Store_5,Product_170,14.12
Store_1,Product_171,52.73
Store_2,Product_172,58.29
Store_3,Product_173,19.59
Store_4,Product_174,86.95
Store_5,Product_175,33.42
Store_1,Product_176,62.83
Store_2,Product_177,45.82
Store_3,Product_178,80.05
Store_4,Product_179,6.95
Store_5,Product_180,20.23
Store_1,Product_181,57.53
Store_2,Product_182,61.4
Store_3,Product_183,42.15
Store_4,Product_184,56.74
Store_5,Product_185,85.45
Store_1,Product_186,57.52
Store_2,Product_187,16.81
Store_3,Product_188,81.07
Store_4,Product_189,70.38
Store_5,Product_190,75.3
Store_1,Product_191,9.53
Store_2,Product_192,82.06
Store_3,Product_193,25.22
Store_4,Product_194,79.16
Store_5,Product_195,85.66
Store_1,Product_196,11.29
Store_2,Product_197,84.54
Store_3,Product_198,91.16
Store_4,Product_199,44.33
Store_5,Product_200,30.32
Store_1,Product_201,40.02
Store_2,Product_202,73.89
Store_3,Product_203,51.89
Store_4,Product_204,55.18
Store_5,Product_205,21.65
Store_1,Product_206,52.48
Store_2,Product_207,52.72
Store_3,Product_208,9.29
Store_4,Product_209,77.29
Store_5,Product_210,83.15
Store_1,Product_211,87.67
Store_2,Product_212,59.87
Store_3,Product_213,84.66
Store_4,Product_214,42.65
Store_5,Product_215,66.41
Store_1,Product_216,54.73
Store_2,Product_217,18.67
Store_3,Product_218,64.35
Store_4,Product_219,2.31
Store_5,Product_220,73.19
Store_1,Product_221,13.86
Store_2,Product_222,72.32
Store_3,Product_223,78.56
Store_4,Product_224,45.86
Store_5,Product_225,50.03
Store_1,Product_226,83.63
Store_2,Product_227,85.67
Store_3,Product_228,76.59
Store_4,Product_229,19.42
Store_5,Product_230,55.34
Store_1,Product_231,40.09
Store_2,Product_232,13.55
Store_3,Product_233,33.87
Store_4,Product_234,90.26
Store_5,Product_235,98.41
Store_1,Product_236,33.26
Store_2,Product_237,59.62
Store_3,Product_238,94.85
Store_4,Product_239,63.89
Store_5,Product_240,97.73
Store_1,Product_241,12.25
Store_2,Product_242,50.06
Store_3,Product_243,8.54
Store_4,Product_244,75.24
Store_5,Product_245,77.14
Store_1,Product_246,25.32
Store_2,Product_247,95.0
Store_3,Product_248,21.33
Store_4,Product_249,30.43
Store_5,Product_250,39.95
Store_1,Product_251,23.76
Store_2,Product_252,97.1
Store_3,Product_253,4.51
Store_4,Product_254,6.95
Store_5,Product_255,49.86
Store_1,Product_256,84.8
Store_2,Product_257,93.03
Store_3,Product_258,72.24
Store_4,Product_259,40.54
Store_5,Product_260,19.53
Store_1,Product_261,12.02
Store_2,Product_262,87.56
Store_3,Product_263,28.51
Store_4,Product_264,10.69
Store_5,Product_265,44.71
Store_1,Product_266,37.61
Store_2,Product_267,76.23
Store_3,Product_268,22.84
Store_4,Product_269,44.48
Store_5,Product_270,14.48
Store_1,Product_271,39.6
Store_2,Product_272,3.17
Store_3,Product_273,93.62
Store_4,Product_274,77.14
Store_5,Product_275,81.93
Store_1,Product_276,30.07
Store_2,Product_277,18.56
Store_3,Product_278,35.31
Store_4,Product_279,44.32
Store_5,Product_280,37.96
Store_1,Product_281,72.91
Store_2,Product_282,96.71
Store_3,Product_283,93.53
Store_4,Product_284,73.89
Store_5,Product_285,29.3
Store_1,Product_286,20.53
Store_2,Product_287,67.38
Store_3,Product_288,56.94
Store_4,Product_289,37.04
Store_5,Product_290,3.1
Store_1,Product_291,18.5
Store_2,Product_292,12.06
Store_3,Product_293,90.85
Store_4,Product_294,66.35
Store_5,Product_295,8.24
Store_1,Product_296,45.92
Store_2,Product_297,89.69
Store_3,Product_298,77.07
Store_4,Product_299,86.19
Store_5,Product_300,78.71
Store_1,Product_301,30.48
Store_2,Product_302,12.64
Store_3,Product_303,96.62
Store_4,Product_304,8.37
Store_5,Product_305,37.68
Store_1,Product_306,94.36
Store_2,Product_307,1.9
Store_3,Product_308,79.17
Store_4,Product_309,89.77
Store_5,Product_310,17.52
Store_1,Product_311,8.37
Store_2,Product_312,81.97
Store_3,Product_313,71.91
Store_4,Product_314,70.28
Store_5,Product_315,32.68
Store_1,Product_316,92.28
Store_2,Product_317,73.86
Store_3,Product_318,37.22
Store_4,Product_319,59.55
Store_5,Product_320,14.8
Store_1,Product_321,7.84
Store_2,Product_322,40.34
Store_3,Product_323,43.43
Store_4,Product_324,56.8
Store_5,Product_325,13.72
Store_1,Product_326,10.62
Store_2,Product_327,43.93
Store_3,Product_328,93.7
Store_4,Product_329,24.58
Store_5,Product_330,3.09
Store_1,Product_331,68.38
Store_2,Product_332,35.15
Store_3,Product_333,91.59
Store_4,Product_334,25.12
Store_5,Product_335,44.89
Store_1,Product_336,69.76
Store_2,Product_337,50.46
Store_3,Product_338,64.32
Store_4,Product_339,6.52
Store_5,Product_340,59.68
Store_1,Product_341,49.94
Store_2,Product_342,63.16
Store_3,Product_343,75.18
Store_4,Product_344,69.09
Store_5,Product_345,36.08
Store_1,Product_346,28.57
Store_2,Product_347,39.7
Store_3,Product_348,72.23
Store_4,Product_349,37.99
Store_5,Product_350,41.64
Store_1,Product_351,87.09
Store_2,Product_352,39.83
Store_3,Product_353,60.39
Store_4,Product_354,82.94
Store_5,Product_355,60.45
Store_1,Product_356,94.35
Store_2,Product_357,57.03
Store_3,Product_358,34.4
Store_4,Product_359,52.75
Store_5,Product_360,82.79
Store_1,Product_361,94.53
Store_2,Product_362,33.6
Store_3,Product_363,12.33
Store_4,Product_364,13.57
Store_5,Product_365,52.26
Store_1,Product_366,2.62
Store_2,Product_367,11.4
Store_3,Product_368,61.98
Store_4,Product_369,5.56
Store_5,Product_370,97.82
Store_1,Product_371,25.37
Store_2,Product_372,90.95
Store_3,Product_373,1.23
Store_4,Product_374,63.35
Store_5,Product_375,45.04
Store_1,Product_376,35.29
Store_2,Product_377,13.75
Store_3,Product_378,84.19
Store_4,Product_379,6.04
Store_5,Product_380,3.82
Store_1,Product_381,86.47
Store_2,Product_382,63.39
Store_3,Product_383,23.9
Store_4,Product_384,87.26
Store_5,Product_385,4.36
Store_1,Product_386,63.56
Store_2,Product_387,63.79
Store_3,Product_388,46.05
Store_4,Product_389,53.61
Store_5,Product_390,27.19
Store_1,Product_391,30.81
Store_2,Product_392,64.83
Store_3,Product_393,29.18
Store_4,Product_394,19.39
Store_5,Product_395,46.45
Store_1,Product_396,36.52
Store_2,Product_397,21.97
Store_3,Product_398,74.62
Store_4,Product_399,81.23
Store_5,Product_400,86.73
Store_1,Product_401,98.67
Store_2,Product_402,24.02
Store_3,Product_403,58.28
Store_4,Product_404,21.51
Store_5,Product_405,87.92
Store_1,Product_406,25.6
Store_2,Product_407,14.78
Store_3,Product_408,62.1
Store_4,Product_409,86.27
Store_5,Product_410,67.3
Store_1,Product_411,60.86
Store_2,Product_412,16.58
Store_3,Product_413,16.64
Store_4,Product_414,22.55
Store_5,Product_415,68.13
Store_1,Product_416,75.6
Store_2,Product_417,51.94
Store_3,Product_418,24.35
Store_4,Product_419,92.48
Store_5,Product_420,18.62
Store_1,Product_421,24.86
Store_2,Product_422,65.17
Store_3,Product_423,49.04
Store_4,Product_424,84.37
Store_5,Product_425,57.01
Store_1,Product_426,31.78
Store_2,Product_427,43.11
Store_3,Product_428,36.99
Store_4,Product_429,99.87
Store_5,Product_430,12.08
Store_1,Product_431,21.03
Store_2,Product_432,92.51
Store_3,Product_433,56.34
Store_4,Product_434,65.9
Store_5,Product_435,86.91
Store_1,Product_436,7.73
Store_2,Product_437,4.87
Store_3,Product_438,40.88
Store_4,Product_439,12.28
Store_5,Product_440,77.34
Store_1,Product_441,87.69
Store_2,Product_442,62.31
Store_3,Product_443,2.28
Store_4,Product_444,32.13
Store_5,Product_445,65.7
Store_1,Product_446,30.58
Store_2,Product_447,38.69
Store_3,Product_448,36.42
Store_4,Product_449,43.94
Store_5,Product_450,63.14
Store_1,Product_451,6.71
Store_2,Product_452,89.17
Store_3,Product_453,33.94
Store_4,Product_454,46.96
Store_5,Product_455,51.99
Store_1,Product_456,15.53
Store_2,Product_457,92.84
Store_3,Product_458,46.32
Store_4,Product_459,32.61
Store_5,Product_460,20.13
Store_1,Product_461,11.68
Store_2,Product_462,82.87
Store_3,Product_463,49.17
Store_4,Product_464,75.52
Store_5,Product_465,83.41
Store_1,Product_466,93.84
Store_2,Product_467,98.29
Store_3,Product_468,67.49
Store_4,Product_469,14.67
Store_5,Product_470,1.67
Store_1,Product_471,86.39
Store_2,Product_472,67.53
Store_3,Product_473,90.2
Store_4,Product_474,70.08
Store_5,Product_475,67.93
Store_1,Product_476,86.8
Store_2,Product_477,66.25
Store_3,Product_478,41.53
Store_4,Product_479,88.52
Store_5,Product_480,57.61
Store_1,Product_481,84.03
Store_2,Product_482,97.08
Store_3,Product_483,70.33
Store_4,Product_484,57.75
Store_5,Product_485,93.08
Store_1,Product_486,39.88
Store_2,Product_487,14.3
Store_3,Product_488,26.38
Store_4,Product_489,94.15
Store_5,Product_490,36.05
Store_1,Product_491,7.91
Store_2,Product_492,70.55
Store_3,Product_493,31.82
Store_4,Product_494,65.85
Store_5,Product_495,99.68
Store_1,Product_496,58.65
Store_2,Product_497,62.41
Store_3,Product_498,79.71
Store_4,Product_499,87.0
Store_5,Product_500,78.29
Store_1,Product_501,26.91
Store_2,Product_502,5.27
Store_3,Product_503,46.77
Store_4,Product_504,59.93
Store_5,Product_505,46.15
Store_1,Product_506,41.28
Store_2,Product_507,71.86
Store_3,Product_508,83.83
Store_4,Product_509,30.34
Store_5,Product_510,65.39
Store_1,Product_511,78.57
Store_2,Product_512,71.84
Store_3,Product_513,35.38
Store_4,Product_514,90.83
Store_5,Product_515,19.98
Store_1,Product_516,30.07
Store_2,Product_517,76.89
Store_3,Product_518,11.88
Store_4,Product_519,64.99
Store_5,Product_520,80.53
Store_1,Product_521,86.65
Store_2,Product_522,89.38
Store_3,Product_523,83.27
Store_4,Product_524,29.28
Store_5,Product_525,13.38
Store_1,Product_526,17.05
Store_2,Product_527,41.55
Store_3,Product_528,86.4
Store_4,Product_529,31.75
Store_5,Product_530,63.12
Store_1,Product_531,76.28
Store_2,Product_532,18.48
Store_3,Product_533,71.49
Store_4,Product_534,24.53
Store_5,Product_535,72.32
Store_1,Product_536,22.0
Store_2,Product_537,7.98
Store_3,Product_538,17.17
Store_4,Product_539,28.79
Store_5,Product_540,88.12
Store_1,Product_541,25.74
Store_2,Product_542,41.75
Store_3,Product_543,37.41
Store_4,Product_544,16.8
Store_5,Product_545,37.0
Store_1,Product_546,5.58
Store_2,Product_547,14.42
Store_3,Product_548,99.12
Store_4,Product_549,39.83
Store_5,Product_550,72.37
Store_1,Product_551,23.47
Store_2,Product_552,7.19
Store_3,Product_553,64.55
Store_4,Product_554,57.49
Store_5,Product_555,56.47
Store_1,Product_556,6.65
Store_2,Product_557,43.61
Store_3,Product_558,12.55
Store_4,Product_559,28.42
Store_5,Product_560,58.02
Store_1,Product_561,83.77
Store_2,Product_562,36.83
Store_3,Product_563,17.22
Store_4,Product_564,26.8
Store_5,Product_565,54.32
Store_1,Product_566,26.78
Store_2,Product_567,55.41
Store_3,Product_568,34.08
Store_4,Product_569,78.0
Store_5,Product_570,72.08
Store_1,Product_571,93.52
Store_2,Product_572,50.22
Store_3,Product_573,94.2
Store_4,Product_574,60.41
Store_5,Product_575,71.92
Store_1,Product_576,73.15
Store_2,Product_577,76.98
Store_3,Product_578,67.02
Store_4,Product_579,59.74
Store_5,Product_580,27.43
Store_1,Product_581,19.88
Store_2,Product_582,48.4
Store_3,Product_583,16.89
Store_4,Product_584,41.76
Store_5,Product_585,93.66
Store_1,Product_586,62.07
Store_2,Product_587,43.53
Store_3,Product_588,69.39
Store_4,Product_589,79.54
Store_5,Product_590,24.6
Store_1,Product_591,1.88
Store_2,Product_592,57.79
Store_3,Product_593,31.86
Store_4,Product_594,80.7
Store_5,Product_595,24.16
Store_1,Product_596,56.71
Store_2,Product_597,86.67
Store_3,Product_598,78.9
Store_4,Product_599,46.58
Store_5,Product_600,38.15
Store_1,Product_601,35.2
Store_2,Product_602,85.68
Store_3,Product_603,41.35
Store_4,Product_604,33.12
Store_5,Product_605,97.66
Store_1,Product_606,58.75
Store_2,Product_607,15.47
Store_3,Product_608,42.55
Store_4,Product_609,92.31
Store_5,Product_610,94.61
Store_1,Product_611,49.37
Store_2,Product_612,15.78
Store_3,Product_613,97.79
Store_4,Product_614,40.4
Store_5,Product_615,32.91
Store_1,Product_616,37.96
Store_2,Product_617,92.49
Store_3,Product_618,40.06
Store_4,Product_619,3.24
Store_5,Product_620,33.76
Store_1,Product_621,24.49
Store_2,Product_622,83.56
Store_3,Product_623,2.53
Store_4,Product_624,43.39
Store_5,Product_625,12.46
Store_1,Product_626,81.67
Store_2,Product_627,96.32
Store_3,Product_628,87.78
Store_4,Product_629,16.82
Store_5,Product_630,15.5
Store_1,Product_631,65.77
Store_2,Product_632,74.91
Store_3,Product_633,40.54
Store_4,Product_634,66.94
Store_5,Product_635,61.37
Store_1,Product_636,50.17
Store_2,Product_637,11.36
Store_3,Product_638,83.51
Store_4,Product_639,55.5
Store_5,Product_640,45.64
Store_1,Product_641,58.62
Store_2,Product_642,78.86
Store_3,Product_643,9.36
Store_4,Product_644,99.64
Store_5,Product_645,17.78
Store_1,Product_646,61.37
Store_2,Product_647,80.26
Store_3,Product_648,95.48
Store_4,Product_649,31.25
Store_5,Product_650,46.55
Store_1,Product_651,7.03
Store_2,Product_652,58.69
Store_3,Product_653,89.65
Store_4,Product_654,91.51
Store_5,Product_655,82.83
Store_1,Product_656,43.29
Store_2,Product_657,56.63
Store_3,Product_658,37.58
Store_4,Product_659,78.67
Store_5,Product_660,65.68
Store_1,Product_661,15.76
Store_2,Product_662,36.88
Store_3,Product_663,4.66
Store_4,Product_664,84.69
Store_5,Product_665,95.33
Store_1,Product_666,69.47
Store_2,Product_667,68.53
Store_3,Product_668,18.27
Store_4,Product_669,58.59
Store_5,Product_670,37.77
Store_1,Product_671,58.84
Store_2,Product_672,43.23
Store_3,Product_673,64.35
Store_4,Product_674,72.79
Store_5,Product_675,13.88
Store_1,Product_676,18.63
Store_2,Product_677,2.93
Store_3,Product_678,73.04
Store_4,Product_679,66.51
Store_5,Product_680,53.43
Store_1,Product_681,62.3
Store_2,Product_682,30.1
Store_3,Product_683,87.45
Store_4,Product_684,39.19
Store_5,Product_685,64.15
Store_1,Product_686,33.09
Store_2,Product_687,91.15
Store_3,Product_688,71.59
Store_4,Product_689,31.2
Store_5,Product_690,84.62
Store_1,Product_691,93.45
Store_2,Product_692,18.73
Store_3,Product_693,12.34
Store_4,Product_694,55.86
Store_5,Product_695,9.05
Store_1,Product_696,2.61
Store_2,Product_697,18.59
Store_3,Product_698,33.41
Store_4,Product_699,30.93
Store_5,Product_700,63.2
Store_1,Product_701,93.39
Store_2,Product_702,38.96
Store_3,Product_703,62.18
Store_4,Product_704,45.21
Store_5,Product_705,32.44
Store_1,Product_706,30.33
Store_2,Product_707,95.4
Store_3,Product_708,93.29
Store_4,Product_709,22.91
Store_5,Product_710,88.03
Store_1,Product_711,56.72
Store_2,Product_712,83.46
Store_3,Product_713,89.49
Store_4,Product_714,72.78
Store_5,Product_715,1.08
Store_1,Product_716,56.04
Store_2,Product_717,5.18
Store_3,Product_718,81.22
Store_4,Product_719,92.52
Store_5,Product_720,36.91
Store_1,Product_721,4.07
Store_2,Product_722,88.12
Store_3,Product_723,4.91
Store_4,Product_724,80.39
Store_5,Product_725,99.44
Store_1,Product_726,69.64
Store_2,Product_727,62.04
Store_3,Product_728,13.94
Store_4,Product_729,3.93
Store_5,Product_730,66.41
Store_1,Product_731,27.56
Store_2,Product_732,66.98
Store_3,Product_733,19.54
Store_4,Product_734,48.09
Store_5,Product_735,64.38
Store_1,Product_736,81.26
Store_2,Product_737,49.6
Store_3,Product_738,77.71
Store_4,Product_739,38.88
Store_5,Product_740,60.26
Store_1,Product_741,8.65
Store_2,Product_742,16.44
Store_3,Product_743,78.98
Store_4,Product_744,61.32
Store_5,Product_745,90.88
Store_1,Product_746,40.62
Store_2,Product_747,83.89
Store_3,Product_748,32.53
Store_4,Product_749,99.83
Store_5,Product_750,13.37
Store_1,Product_751,53.26
Store_2,Product_752,6.47
Store_3,Product_753,36.65
Store_4,Product_754,17.28
Store_5,Product_755,78.36
Store_1,Product_756,5.45
Store_2,Product_757,3.43
Store_3,Product_758,12.27
Store_4,Product_759,21.74
Store_5,Product_760,26.16
Store_1,Product_761,10.79
Store_2,Product_762,15.15
Store_3,Product_763,39.5
Store_4,Product_764,58.73
Store_5,Product_765,88.72
Store_1,Product_766,16.41
Store_2,Product_767,64.9
Store_3,Product_768,83.16
Store_4,Product_769,31.78
Store_5,Product_770,27.26
Store_1,Product_771,62.49
Store_2,Product_772,83.19
Store_3,Product_773,32.13
Store_4,Product_774,38.04
Store_5,Product_775,93.63
Store_1,Product_776,27.89
Store_2,Product_777,26.71
Store_3,Product_778,58.32
Store_4,Product_779,47.89
Store_5,Product_780,5.64
Store_1,Product_781,61.84
Store_2,Product_782,51.89
Store_3,Product_783,61.86
Store_4,Product_784,97.08
Store_5,Product_785,40.04
Store_1,Product_786,59.94
Store_2,Product_787,94.14
Store_3,Product_788,72.99
Store_4,Product_789,48.65
Store_5,Product_790,18.69
Store_1,Product_791,92.54
Store_2,Product_792,43.07
Store_3,Product_793,11.49
Store_4,Product_794,82.06
Store_5,Product_795,83.77
Store_1,Product_796,99.26
Store_2,Product_797,36.9
Store_3,Product_798,6.8
Store_4,Product_799,56.59
Store_5,Product_800,26.93
Store_1,Product_801,41.75
Store_2,Product_802,97.05
Store_3,Product_803,39.79
Store_4,Product_804,80.19
Store_5,Product_805,44.3
Store_1,Product_806,50.88
Store_2,Product_807,23.05
Store_3,Product_808,11.23
Store_4,Product_809,67.02
Store_5,Product_810,5.56
Store_1,Product_811,87.29
Store_2,Product_812,19.23
Store_3,Product_813,13.29
Store_4,Product_814,83.34
Store_5,Product_815,63.4
Store_1,Product_816,79.42
Store_2,Product_817,54.73
Store_3,Product_818,59.46
Store_4,Product_819,32.16
Store_5,Product_820,21.29
Store_1,Product_821,24.64
Store_2,Product_822,74.43
Store_3,Product_823,27.37
Store_4,Product_824,4.57
Store_5,Product_825,46.69
Store_1,Product_826,40.68
Store_2,Product_827,84.62
Store_3,Product_828,65.63
Store_4,Product_829,46.31
Store_5,Product_830,85.78
Store_1,Product_831,76.8
Store_2,Product_832,56.53
Store_3,Product_833,95.84
Store_4,Product_834,49.4
Store_5,Product_835,47.69
Store_1,Product_836,72.25
Store_2,Product_837,42.29
Store_3,Product_838,40.05
Store_4,Product_839,17.35
Store_5,Product_840,3.66
Store_1,Product_841,97.15
Store_2,Product_842,47.45
Store_3,Product_843,16.53
Store_4,Product_844,14.95
Store_5,Product_845,8.4
Store_1,Product_846,16.89
Store_2,Product_847,92.49
Store_3,Product_848,80.19
Store_4,Product_849,50.46
Store_5,Product_850,88.15
Store_1,Product_851,5.05
Store_2,Product_852,72.53
Store_3,Product_853,61.0
Store_4,Product_854,98.54
Store_5,Product_855,60.18
Store_1,Product_856,96.7
Store_2,Product_857,2.04
Store_3,Product_858,51.37
Store_4,Product_859,6.78
Store_5,Product_860,58.99
Store_1,Product_861,73.01
Store_2,Product_862,31.86
Store_3,Product_863,42.13
Store_4,Product_864,35.92
Store_5,Product_865,57.82
Store_1,Product_866,17.79
Store_2,Product_867,41.16
Store_3,Product_868,80.23
Store_4,Product_869,34.68
Store_5,Product_870,18.42
Store_1,Product_871,39.85
Store_2,Product_872,97.93
Store_3,Product_873,81.71
Store_4,Product_874,75.81
Store_5,Product_875,81.41
Store_1,Product_876,68.13
Store_2,Product_877,87.83
Store_3,Product_878,21.3
Store_4,Product_879,52.89
Store_5,Product_880,58.93
Store_1,Product_881,15.79
Store_2,Product_882,57.23
Store_3,Product_883,42.69
Store_4,Product_884,81.74
Store_5,Product_885,96.34
Store_1,Product_886,60.97
Store_2,Product_887,97.71
Store_3,Product_888,67.44
Store_4,Product_889,76.54
Store_5,Product_890,52.68
Store_1,Product_891,55.86
Store_2,Product_892,18.47
Store_3,Product_893,98.72
Store_4,Product_894,40.9
Store_5,Product_895,43.73
Store_1,Product_896,75.16
Store_2,Product_897,44.52
Store_3,Product_898,11.98
Store_4,Product_899,94.16
Store_5,Product_900,57.4
Store_1,Product_901,25.09
Store_2,Product_902,51.52
Store_3,Product_903,2.95
Store_4,Product_904,19.62
Store_5,Product_905,15.17
Store_1,Product_906,32.49
Store_2,Product_907,12.84
Store_3,Product_908,63.83
Store_4,Product_909,49.94
Store_5,Product_910,28.18
Store_1,Product_911,50.25
Store_2,Product_912,44.52
Store_3,Product_913,43.41
Store_4,Product_914,59.63
Store_5,Product_915,71.11
Store_1,Product_916,47.62
Store_2,Product_917,44.64
Store_3,Product_918,39.49
Store_4,Product_919,83.95
Store_5,Product_920,35.62
Store_1,Product_921,85.73
Store_2,Product_922,16.67
Store_3,Product_923,63.66
Store_4,Product_924,19.77
Store_5,Product_925,90.34
Store_1,Product_926,74.51
Store_2,Product_927,73.17
Store_3,Product_928,19.05
Store_4,Product_929,22.3
Store_5,Product_930,43.09
Store_1,Product_931,34.68
Store_2,Product_932,36.93
Store_3,Product_933,57.87
Store_4,Product_934,89.93
Store_5,Product_935,54.76
Store_1,Product_936,16.05
Store_2,Product_937,63.07
Store_3,Product_938,62.91
Store_4,Product_939,61.84
Store_5,Product_940,18.99
Store_1,Product_941,72.12
Store_2,Product_942,20.03
Store_3,Product_943,41.77
Store_4,Product_944,7.11
Store_5,Product_945,12.5
Store_1,Product_946,80.35
Store_2,Product_947,47.37
Store_3,Product_948,8.07
Store_4,Product_949,18.05
Store_5,Product_950,56.6
Store_1,Product_951,29.37
Store_2,Product_952,63.08
Store_3,Product_953,70.4
Store_4,Product_954,85.74
Store_5,Product_955,26.17
Store_1,Product_956,36.14
Store_2,Product_957,60.35
Store_3,Product_958,35.01
Store_4,Product_959,5.71
Store_5,Product_960,40.16
Store_1,Product_961,32.86
Store_2,Product_962,70.68
Store_3,Product_963,57.59
Store_4,Product_964,29.9
Store_5,Product_965,42.81
Store_1,Product_966,32.76
Store_2,Product_967,9.51
Store_3,Product_968,46.84
Store_4,Product_969,46.5
Store_5,Product_970,27.07
Store_1,Product_971,88.35
Store_2,Product_972,44.63
Store_3,Product_973,34.37
Store_4,Product_974,69.72
Store_5,Product_975,4.24
Store_1,Product_976,47.95
Store_2,Product_977,59.01
Store_3,Product_978,92.3
Store_4,Product_979,43.42
Store_5,Product_980,51.92
Store_1,Product_981,53.22
Store_2,Product_982,75.73
Store_3,Product_983,28.0
Store_4,Product_984,36.93
Store_5,Product_985,53.79
Store_1,Product_986,58.63
Store_2,Product_987,78.65
Store_3,Product_988,11.48
Store_4,Product_989,62.5
Store_5,Product_990,45.55
Store_1,Product_991,16.0
Store_2,Product_992,33.7
Store_3,Product_993,4.0
Store_4,Product_994,48.06
Store_5,Product_995,35.46
Store_1,Product_996,9.57
Store_2,Product_997,5.9
Store_3,Product_998,36.48
Store_4,Product_999,72.98
Store_5,Product_1000,71.83
Store_1,Product_1001,28.68
Store_2,Product_1002,14.34
Store_3,Product_1003,94.74
Store_4,Product_1004,27.47
Store_5,Product_1005,27.99
Store_1,Product_1006,19.46
Store_2,Product_1007,3.61
Store_3,Product_1008,29.35
Store_4,Product_1009,96.53
Store_5,Product_1010,17.0
Store_1,Product_1011,97.99
Store_2,Product_1012,53.66
Store_3,Product_1013,63.96
Store_4,Product_1014,36.26
Store_5,Product_1015,25.15
Store_1,Product_1016,20.1
Store_2,Product_1017,34.78
Store_3,Product_1018,57.11
Store_4,Product_1019,20.09
Store_5,Product_1020,71.69
Store_1,Product_1021,64.13
Store_2,Product_1022,21.51
Store_3,Product_1023,32.78
Store_4,Product_1024,46.25
Store_5,Product_1025,20.48
Store_1,Product_1026,20.05
Store_2,Product_1027,99.58
Store_3,Product_1028,91.63
Store_4,Product_1029,36.8
Store_5,Product_1030,87.92
Store_1,Product_1031,92.51
Store_2,Product_1032,18.34
Store_3,Product_1033,94.66
Store_4,Product_1034,59.58
Store_5,Product_1035,85.71
Store_1,Product_1036,50.27
Store_2,Product_1037,64.97
Store_3,Product_1038,17.03
Store_4,Product_1039,47.56
Store_5,Product_1040,63.89
Store_1,Product_1041,37.21
Store_2,Product_1042,61.22
Store_3,Product_1043,20.73
Store_4,Product_1044,80.99
Store_5,Product_1045,6.62
Store_1,Product_1046,25.86
Store_2,Product_1047,60.32
Store_3,Product_1048,78.94
Store_4,Product_1049,50.99
Store_5,Product_1050,78.94
Store_1,Product_1051,7.25
Store_2,Product_1052,18.23
Store_3,Product_1053,76.34
Store_4,Product_1054,36.45
Store_5,Product_1055,62.47
Store_1,Product_1056,52.78
Store_2,Product_1057,98.57
Store_3,Product_1058,65.03
Store_4,Product_1059,46.26
Store_5,Product_1060,56.47
Store_1,Product_1061,57.18
Store_2,Product_1062,17.43
Store_3,Product_1063,3.59
Store_4,Product_1064,75.27
Store_5,Product_1065,11.8
Store_1,Product_1066,95.93
Store_2,Product_1067,49.43
Store_3,Product_1068,41.74
Store_4,Product_1069,15.89
Store_5,Product_1070,87.98
Store_1,Product_1071,31.51
Store_2,Product_1072,28.78
Store_3,Product_1073,49.84
Store_4,Product_1074,72.43
Store_5,Product_1075,8.22
Store_1,Product_1076,16.41
Store_2,Product_1077,73.49
Store_3,Product_1078,54.7
Store_4,Product_1079,41.16
Store_5,Product_1080,20.65
Store_1,Product_1081,38.94
Store_2,Product_1082,91.84
Store_3,Product_1083,33.36
Store_4,Product_1084,81.6
Store_5,Product_1085,71.21
Store_1,Product_1086,69.14
Store_2,Product_1087,66.32
Store_3,Product_1088,44.29
Store_4,Product_1089,42.18
Store_5,Product_1090,58.66
Store_1,Product_1091,79.15
Store_2,Product_1092,14.42
Store_3,Product_1093,33.62
Store_4,Product_1094,39.76
Store_5,Product_1095,99.18
Store_1,Product_1096,25.77
Store_2,Product_1097,21.31
Store_3,Product_1098,14.6
Store_4,Product_1099,50.41
Store_5,Product_1100,89.66
Store_1,Product_1101,62.89
Store_2,Product_1102,38.71
Store_3,Product_1103,14.79
Store_4,Product_1104,2.86
Store_5,Product_1105,52.01
Store_1,Product_1106,14.12
Store_2,Product_1107,58.11
Store_3,Product_1108,52.81
Store_4,Product_1109,48.25
Store_5,Product_1110,22.19
Store_1,Product_1111,67.94
Store_2,Product_1112,79.27
Store_3,Product_1113,92.25
Store_4,Product_1114,26.15
Store_5,Product_1115,88.88
Store_1,Product_1116,57.65
Store_2,Product_1117,90.65
Store_3,Product_1118,66.42
Store_4,Product_1119,50.54
Store_5,Product_1120,43.41
Store_1,Product_1121,82.23
Store_2,Product_1122,66.51
Store_3,Product_1123,93.29
Store_4,Product_1124,76.96
Store_5,Product_1125,60.8
Store_1,Product_1126,8.18
Store_2,Product_1127,66.21
Store_3,Product_1128,80.9
Store_4,Product_1129,59.72
Store_5,Product_1130,96.79
Store_1,Product_1131,88.21
Store_2,Product_1132,76.99
Store_3,Product_1133,25.98
Store_4,Product_1134,24.86
Store_5,Product_1135,70.78
Store_1,Product_1136,8.83
Store_2,Product_1137,31.08
Store_3,Product_1138,50.73
Store_4,Product_1139,49.95
Store_5,Product_1140,36.01
Store_1,Product_1141,19.47
Store_2,Product_1142,87.85
Store_3,Product_1143,53.85
Store_4,Product_1144,62.01
Store_5,Product_1145,76.25
Store_1,Product_1146,27.97
Store_2,Product_1147,87.36
Store_3,Product_1148,44.59
Store_4,Product_1149,12.4
Store_5,Product_1150,89.79
Store_1,Product_1151,56.71
Store_2,Product_1152,8.17
Store_3,Product_1153,23.35
Store_4,Product_1154,86.29
Store_5,Product_1155,47.97
Store_1,Product_1156,38.06
Store_2,Product_1157,88.11
Store_3,Product_1158,67.56
Store_4,Product_1159,53.78
Store_5,Product_1160,54.81
Store_1,Product_1161,49.53
Store_2,Product_1162,64.93
Store_3,Product_1163,30.26
Store_4,Product_1164,59.3
Store_5,Product_1165,7.26
Store_1,Product_1166,61.75
Store_2,Product_1167,6.2
Store_3,Product_1168,27.8
Store_4,Product_1169,54.61
Store_5,Product_1170,59.25
Store_1,Product_1171,54.78
Store_2,Product_1172,94.24
Store_3,Product_1173,32.37
Store_4,Product_1174,53.39
Store_5,Product_1175,13.52
Store_1,Product_1176,57.34
Store_2,Product_1177,20.8
Store_3,Product_1178,12.64
Store_4,Product_1179,35.55
Store_5,Product_1180,67.06
Store_1,Product_1181,23.25
Store_2,Product_1182,99.96
Store_3,Product_1183,81.33
Store_4,Product_1184,28.66
Store_5,Product_1185,82.89
Store_1,Product_1186,33.54
Store_2,Product_1187,67.3
Store_3,Product_1188,86.12
Store_4,Product_1189,83.48
Store_5,Product_1190,7.27
Store_1,Product_1191,14.83
Store_2,Product_1192,98.02
Store_3,Product_1193,53.24
Store_4,Product_1194,9.48
Store_5,Product_1195,50.93
Store_1,Product_1196,43.11
Store_2,Product_1197,66.88
Store_3,Product_1198,61.76
Store_4,Product_1199,78.83
Store_5,Product_1200,46.46
Store_1,Product_1201,90.29
Store_2,Product_1202,71.65
Store_3,Product_1203,48.53
Store_4,Product_1204,23.19
Store_5,Product_1205,80.24
Store_1,Product_1206,57.94
Store_2,Product_1207,86.47
Store_3,Product_1208,53.9
Store_4,Product_1209,62.49
Store_5,Product_1210,67.85
Store_1,Product_1211,51.54
Store_2,Product_1212,7.99
Store_3,Product_1213,80.49
Store_4,Product_1214,73.19
Store_5,Product_1215,83.44
Store_1,Product_1216,71.52
Store_2,Product_1217,96.79
Store_3,Product_1218,94.24
Store_4,Product_1219,76.88
Store_5,Product_1220,36.33
Store_1,Product_1221,54.32
Store_2,Product_1222,57.34
Store_3,Product_1223,64.23
Store_4,Product_1224,28.72
Store_5,Product_1225,36.38
Store_1,Product_1226,50.58
Store_2,Product_1227,80.47
Store_3,Product_1228,6.03
Store_4,Product_1229,68.05
Store_5,Product_1230,32.4
Store_1,Product_1231,76.18
Store_2,Product_1232,22.91
Store_3,Product_1233,14.14
Store_4,Product_1234,99.85
Store_5,Product_1235,34.83
Store_1,Product_1236,92.9
Store_2,Product_1237,4.38
Store_3,Product_1238,60.81
Store_4,Product_1239,58.38
Store_5,Product_1240,69.8
Store_1,Product_1241,28.71
Store_2,Product_1242,54.55
Store_3,Product_1243,52.15
Store_4,Product_1244,71.43
Store_5,Product_1245,41.48
Store_1,Product_1246,55.35
Store_2,Product_1247,52.02
Store_3,Product_1248,61.09
Store_4,Product_1249,65.6
Store_5,Product_1250,37.51
Store_1,Product_1251,3.86
Store_2,Product_1252,39.92
Store_3,Product_1253,77.0
Store_4,Product_1254,42.99
Store_5,Product_1255,18.12
Store_1,Product_1256,56.09
Store_2,Product_1257,50.63
Store_3,Product_1258,49.46
Store_4,Product_1259,18.91
Store_5,Product_1260,90.19
Store_1,Product_1261,15.02
Store_2,Product_1262,60.18
Store_3,Product_1263,56.25
Store_4,Product_1264,80.11
Store_5,Product_1265,54.93
Store_1,Product_1266,41.43
Store_2,Product_1267,60.15
Store_3,Product_1268,30.62
Store_4,Product_1269,78.01
Store_5,Product_1270,50.11
Store_1,Product_1271,89.36
Store_2,Product_1272,73.8
Store_3,Product_1273,62.74
Store_4,Product_1274,94.62
Store_5,Product_1275,87.26
Store_1,Product_1276,10.13
Store_2,Product_1277,48.42
Store_3,Product_1278,59.21
Store_4,Product_1279,4.71
Store_5,Product_1280,53.71
Store_1,Product_1281,66.94
Store_2,Product_1282,99.16
Store_3,Product_1283,51.03
Store_4,Product_1284,22.61
Store_5,Product_1285,70.9
Store_1,Product_1286,21.84
Store_2,Product_1287,44.54
Store_3,Product_1288,21.24
Store_4,Product_1289,75.01
Store_5,Product_1290,75.69
Store_1,Product_1291,59.49
Store_2,Product_1292,63.82
Store_3,Product_1293,44.98
Store_4,Product_1294,18.4
Store_5,Product_1295,77.17
Store_1,Product_1296,71.22
Store_2,Product_1297,32.7
Store_3,Product_1298,20.25
Store_4,Product_1299,99.3
Store_5,Product_1300,11.73
Store_1,Product_1301,43.46
Store_2,Product_1302,84.0
Store_3,Product_1303,40.96
Store_4,Product_1304,5.81
Store_5,Product_1305,78.06
Store_1,Product_1306,4.39
Store_2,Product_1307,15.73
Store_3,Product_1308,12.35
Store_4,Product_1309,14.97
Store_5,Product_1310,19.94
Store_1,Product_1311,26.84
Store_2,Product_1312,22.78
Store_3,Product_1313,4.19
Store_4,Product_1314,96.18
Store_5,Product_1315,99.47
Store_1,Product_1316,34.95
Store_2,Product_1317,2.06
Store_3,Product_1318,25.44
Store_4,Product_1319,62.95
Store_5,Product_1320,84.07
Store_1,Product_1321,23.43
Store_2,Product_1322,51.31
Store_3,Product_1323,51.49
Store_4,Product_1324,49.41
Store_5,Product_1325,61.93
Store_1,Product_1326,7.46
Store_2,Product_1327,13.65
Store_3,Product_1328,54.16
Store_4,Product_1329,9.53
Store_5,Product_1330,28.26
Store_1,Product_1331,69.09
Store_2,Product_1332,15.01
Store_3,Product_1333,74.65
Store_4,Product_1334,38.63
Store_5,Product_1335,25.14
Store_1,Product_1336,2.52
Store_2,Product_1337,27.29
Store_3,Product_1338,75.26
Store_4,Product_1339,7.5
Store_5,Product_1340,54.16
Store_1,Product_1341,6.55
Store_2,Product_1342,13.35
Store_3,Product_1343,88.53
Store_4,Product_1344,16.53
Store_5,Product_1345,32.87
Store_1,Product_1346,77.37
Store_2,Product_1347,78.28
Store_3,Product_1348,87.8
Store_4,Product_1349,86.69
Store_5,Product_1350,57.73
Store_1,Product_1351,16.32
Store_2,Product_1352,96.13
Store_3,Product_1353,73.21
Store_4,Product_1354,39.51
Store_5,Product_1355,58.91
Store_1,Product_1356,64.0
Store_2,Product_1357,20.0
Store_3,Product_1358,46.27
Store_4,Product_1359,80.16
Store_5,Product_1360,28.03
Store_1,Product_1361,78.8
Store_2,Product_1362,84.47
Store_3,Product_1363,30.56
Store_4,Product_1364,30.41
Store_5,Product_1365,55.79
Store_1,Product_1366,56.83
Store_2,Product_1367,29.14
Store_3,Product_1368,19.46
Store_4,Product_1369,16.95
Store_5,Product_1370,53.99
Store_1,Product_1371,96.47
Store_2,Product_1372,60.65
Store_3,Product_1373,39.8
Store_4,Product_1374,16.07
Store_5,Product_1375,20.43
Store_1,Product_1376,87.17
Store_2,Product_1377,90.38
Store_3,Product_1378,14.17
Store_4,Product_1379,37.14
Store_5,Product_1380,90.56
Store_1,Product_1381,91.02
Store_2,Product_1382,98.52
Store_3,Product_1383,48.65
Store_4,Product_1384,58.41
Store_5,Product_1385,27.81
Store_1,Product_1386,16.91
Store_2,Product_1387,32.89
Store_3,Product_1388,71.14
Store_4,Product_1389,98.64
Store_5,Product_1390,66.64
Store_1,Product_1391,73.41
Store_2,Product_1392,27.45
Store_3,Product_1393,15.52
Store_4,Product_1394,18.73
Store_5,Product_1395,54.56
Store_1,Product_1396,47.15
Store_2,Product_1397,71.73
Store_3,Product_1398,87.54
Store_4,Product_1399,93.89
Store_5,Product_1400,57.83
Store_1,Product_1401,74.0
Store_2,Product_1402,39.89
Store_3,Product_1403,2.05
Store_4,Product_1404,13.25
Store_5,Product_1405,38.52
Store_1,Product_1406,11.2
Store_2,Product_1407,6.13
Store_3,Product_1408,89.09
Store_4,Product_1409,62.49
Store_5,Product_1410,51.07
Store_1,Product_1411,36.6
Store_2,Product_1412,5.06
Store_3,Product_1413,68.4
Store_4,Product_1414,50.07
Store_5,Product_1415,95.43
Store_1,Product_1416,57.17
Store_2,Product_1417,71.0
Store_3,Product_1418,99.13
Store_4,Product_1419,44.28
Store_5,Product_1420,82.77
Store_1,Product_1421,44.06
Store_2,Product_1422,56.11
Store_3,Product_1423,20.61
Store_4,Product_1424,83.16
Store_5,Product_1425,97.83
Store_1,Product_1426,59.09
Store_2,Product_1427,22.84
Store_3,Product_1428,90.84
Store_4,Product_1429,92.43
Store_5,Product_1430,50.74
Store_1,Product_1431,76.25
Store_2,Product_1432,76.23
Store_3,Product_1433,63.97
Store_4,Product_1434,56.96
Store_5,Product_1435,7.18
Store_1,Product_1436,47.3
Store_2,Product_1437,64.15
Store_3,Product_1438,98.75
Store_4,Product_1439,39.17
Store_5,Product_1440,53.05
Store_1,Product_1441,62.75
Store_2,Product_1442,91.05
Store_3,Product_1443,26.78
Store_4,Product_1444,18.72
Store_5,Product_1445,47.78
Store_1,Product_1446,82.67
Store_2,Product_1447,19.57
Store_3,Product_1448,56.82
Store_4,Product_1449,63.02
Store_5,Product_1450,97.85
Store_1,Product_1451,22.53
Store_2,Product_1452,24.71
Store_3,Product_1453,21.97
Store_4,Product_1454,25.9
Store_5,Product_1455,43.49
Store_1,Product_1456,92.1
Store_2,Product_1457,59.12
Store_3,Product_1458,13.93
Store_4,Product_1459,87.73
Store_5,Product_1460,60.45
Store_1,Product_1461,27.49
Store_2,Product_1462,81.45
Store_3,Product_1463,26.79
Store_4,Product_1464,1.37
Store_5,Product_1465,87.65
Store_1,Product_1466,13.03
Store_2,Product_1467,26.81
Store_3,Product_1468,84.95
Store_4,Product_1469,63.15
Store_5,Product_1470,26.57
Store_1,Product_1471,45.04
Store_2,Product_1472,37.68
Store_3,Product_1473,35.44
Store_4,Product_1474,90.12
Store_5,Product_1475,86.1
Store_1,Product_1476,21.45
Store_2,Product_1477,48.12
Store_3,Product_1478,76.77
Store_4,Product_1479,78.69
Store_5,Product_1480,27.25
Store_1,Product_1481,70.62
Store_2,Product_1482,91.4
Store_3,Product_1483,78.81
Store_4,Product_1484,88.79
Store_5,Product_1485,58.99
Store_1,Product_1486,96.73
Store_2,Product_1487,75.64
Store_3,Product_1488,1.27
Store_4,Product_1489,27.7
Store_5,Product_1490,8.34
Store_1,Product_1491,47.82
Store_2,Product_1492,77.14
Store_3,Product_1493,76.42
Store_4,Product_1494,71.08
Store_5,Product_1495,53.19
Store_1,Product_1496,6.06
Store_2,Product_1497,8.32
Store_3,Product_1498,72.85
Store_4,Product_1499,20.2
Store_5,Product_1500,65.51
Store_1,Product_1501,25.4
Store_2,Product_1502,82.59
Store_3,Product_1503,94.19
Store_4,Product_1504,78.97
Store_5,Product_1505,4.33
Store_1,Product_1506,62.95
Store_2,Product_1507,73.47
Store_3,Product_1508,73.45
Store_4,Product_1509,18.69
Store_5,Product_1510,35.4
Store_1,Product_1511,79.62
Store_2,Product_1512,4.39
Store_3,Product_1513,73.88
Store_4,Product_1514,22.58
Store_5,Product_1515,22.38
Store_1,Product_1516,37.38
Store_2,Product_1517,52.75
Store_3,Product_1518,64.72
Store_4,Product_1519,96.77
Store_5,Product_1520,18.29
Store_1,Product_1521,38.34
Store_2,Product_1522,58.24
Store_3,Product_1523,39.51
Store_4,Product_1524,62.08
Store_5,Product_1525,46.27
Store_1,Product_1526,59.59
Store_2,Product_1527,57.04
Store_3,Product_1528,47.07
Store_4,Product_1529,71.57
Store_5,Product_1530,35.96
Store_1,Product_1531,2.64
Store_2,Product_1532,15.74
Store_3,Product_1533,9.16
Store_4,Product_1534,45.92
Store_5,Product_1535,85.56
Store_1,Product_1536,26.92
Store_2,Product_1537,60.18
Store_3,Product_1538,13.16
Store_4,Product_1539,31.36
Store_5,Product_1540,77.1
Store_1,Product_1541,57.2
Store_2,Product_1542,47.86
Store_3,Product_1543,25.7
Store_4,Product_1544,34.43
Store_5,Product_1545,49.3
Store_1,Product_1546,14.68
Store_2,Product_1547,72.05
Store_3,Product_1548,89.32
Store_4,Product_1549,72.91
Store_5,Product_1550,33.2
Store_1,Product_1551,84.06
Store_2,Product_1552,9.41
Store_3,Product_1553,84.34
Store_4,Product_1554,49.98
Store_5,Product_1555,4.05
Store_1,Product_1556,91.23
Store_2,Product_1557,14.6
Store_3,Product_1558,52.03
Store_4,Product_1559,72.68
Store_5,Product_1560,76.06
Store_1,Product_1561,7.96
Store_2,Product_1562,23.84
Store_3,Product_1563,94.57
Store_4,Product_1564,36.62
Store_5,Product_1565,38.16
Store_1,Product_1566,76.38
Store_2,Product_1567,3.33
Store_3,Product_1568,71.34
Store_4,Product_1569,53.39
Store_5,Product_1570,99.11
Store_1,Product_1571,8.58
Store_2,Product_1572,22.77
Store_3,Product_1573,58.91
Store_4,Product_1574,9.15
Store_5,Product_1575,1.59
Store_1,Product_1576,37.71
Store_2,Product_1577,5.4
Store_3,Product_1578,19.05
Store_4,Product_1579,20.37
Store_5,Product_1580,76.14
Store_1,Product_1581,91.06
Store_2,Product_1582,60.87
Store_3,Product_1583,82.88
Store_4,Product_1584,96.15
Store_5,Product_1585,92.78
Store_1,Product_1586,81.65
Store_2,Product_1587,25.11
Store_3,Product_1588,76.53
Store_4,Product_1589,81.25
Store_5,Product_1590,25.51
Store_1,Product_1591,11.18
Store_2,Product_1592,21.52
Store_3,Product_1593,17.71
Store_4,Product_1594,76.27
Store_5,Product_1595,64.11
Store_1,Product_1596,90.43
Store_2,Product_1597,72.25
Store_3,Product_1598,27.61
Store_4,Product_1599,82.2
Store_5,Product_1600,82.93
Store_1,Product_1601,25.77
Store_2,Product_1602,72.92
Store_3,Product_1603,7.45
Store_4,Product_1604,64.77
Store_5,Product_1605,34.4
Store_1,Product_1606,54.8
Store_2,Product_1607,2.01
Store_3,Product_1608,47.16
Store_4,Product_1609,13.75
Store_5,Product_1610,3.77
Store_1,Product_1611,87.21
Store_2,Product_1612,77.99
Store_3,Product_1613,89.05
Store_4,Product_1614,41.65
Store_5,Product_1615,98.02
Store_1,Product_1616,23.52
Store_2,Product_1617,30.16
Store_3,Product_1618,17.03
Store_4,Product_1619,37.04
Store_5,Product_1620,64.29
Store_1,Product_1621,31.83
Store_2,Product_1622,40.96
Store_3,Product_1623,71.69
Store_4,Product_1624,64.88
Store_5,Product_1625,37.48
Store_1,Product_1626,74.23
Store_2,Product_1627,37.47
Store_3,Product_1628,96.17
Store_4,Product_1629,33.98
Store_5,Product_1630,97.54
Store_1,Product_1631,11.5
Store_2,Product_1632,50.31
Store_3,Product_1633,23.4
Store_4,Product_1634,53.03
Store_5,Product_1635,20.98
Store_1,Product_1636,75.03
Store_2,Product_1637,26.13
Store_3,Product_1638,4.33
Store_4,Product_1639,23.06
Store_5,Product_1640,27.38
Store_1,Product_1641,57.4
Store_2,Product_1642,92.12
Store_3,Product_1643,86.71
Store_4,Product_1644,75.0
Store_5,Product_1645,22.34
Store_1,Product_1646,17.29
Store_2,Product_1647,14.5
Store_3,Product_1648,62.64
Store_4,Product_1649,89.81
Store_5,Product_1650,43.37
Store_1,Product_1651,2.22
Store_2,Product_1652,66.81
Store_3,Product_1653,95.19
Store_4,Product_1654,29.16
Store_5,Product_1655,17.47
Store_1,Product_1656,83.25
Store_2,Product_1657,80.3
Store_3,Product_1658,58.61
Store_4,Product_1659,21.05
Store_5,Product_1660,51.96
Store_1,Product_1661,58.15
Store_2,Product_1662,87.85
Store_3,Product_1663,70.18
Store_4,Product_1664,60.35
Store_5,Product_1665,41.63
Store_1,Product_1666,53.96
Store_2,Product_1667,91.21
Store_3,Product_1668,12.66
Store_4,Product_1669,78.53
Store_5,Product_1670,98.58
Store_1,Product_1671,40.23
Store_2,Product_1672,64.73
Store_3,Product_1673,13.45
Store_4,Product_1674,46.3
Store_5,Product_1675,44.06
Store_1,Product_1676,48.21
Store_2,Product_1677,74.11
Store_3,Product_1678,33.05
Store_4,Product_1679,96.12
Store_5,Product_1680,40.75
Store_1,Product_1681,96.51
Store_2,Product_1682,17.74
Store_3,Product_1683,43.97
Store_4,Product_1684,91.86
Store_5,Product_1685,23.91
Store_1,Product_1686,60.36
Store_2,Product_1687,58.96
Store_3,Product_1688,93.35
Store_4,Product_1689,98.66
Store_5,Product_1690,54.2
Store_1,Product_1691,18.04
Store_2,Product_1692,81.22
Store_3,Product_1693,56.5
Store_4,Product_1694,59.58
Store_5,Product_1695,80.03
Store_1,Product_1696,39.39
Store_2,Product_1697,95.57
Store_3,Product_1698,36.28
Store_4,Product_1699,77.81
Store_5,Product_1700,14.97
Store_1,Product_1701,93.29
Store_2,Product_1702,8.56
Store_3,Product_1703,39.66
Store_4,Product_1704,9.7
Store_5,Product_1705,3.75
Store_1,Product_1706,82.35
Store_2,Product_1707,31.25
Store_3,Product_1708,4.88
Store_4,Product_1709,40.84
Store_5,Product_1710,55.06
Store_1,Product_1711,55.15
Store_2,Product_1712,21.55
Store_3,Product_1713,53.52
Store_4,Product_1714,55.02
Store_5,Product_1715,9.58
Store_1,Product_1716,21.12
Store_2,Product_1717,61.37
Store_3,Product_1718,12.19
Store_4,Product_1719,30.9
Store_5,Product_1720,50.17
Store_1,Product_1721,77.86
Store_2,Product_1722,92.56
Store_3,Product_1723,10.62
Store_4,Product_1724,49.45
Store_5,Product_1725,95.18
Store_1,Product_1726,7.52
Store_2,Product_1727,19.58
Store_3,Product_1728,98.83
Store_4,Product_1729,48.27
Store_5,Product_1730,19.65
Store_1,Product_1731,6.49
Store_2,Product_1732,78.78
Store_3,Product_1733,53.08
Store_4,Product_1734,21.46
Store_5,Product_1735,62.38
Store_1,Product_1736,7.86
Store_2,Product_1737,47.62
Store_3,Product_1738,90.43
Store_4,Product_1739,39.37
Store_5,Product_1740,74.84
Store_1,Product_1741,77.68
Store_2,Product_1742,70.68
Store_3,Product_1743,99.2
Store_4,Product_1744,9.44
Store_5,Product_1745,84.53
Store_1,Product_1746,76.6
Store_2,Product_1747,31.72
Store_3,Product_1748,72.58
Store_4,Product_1749,77.64
Store_5,Product_1750,80.41
Store_1,Product_1751,47.59
Store_2,Product_1752,30.63
Store_3,Product_1753,94.37
Store_4,Product_1754,22.63
Store_5,Product_1755,46.75
Store_1,Product_1756,88.59
Store_2,Product_1757,75.55
Store_3,Product_1758,8.17
Store_4,Product_1759,66.36
Store_5,Product_1760,50.46
Store_1,Product_1761,49.56
Store_2,Product_1762,94.83
Store_3,Product_1763,84.24
Store_4,Product_1764,87.64
Store_5,Product_1765,73.37
Store_1,Product_1766,38.75
Store_2,Product_1767,33.98
Store_3,Product_1768,14.32
Store_4,Product_1769,88.57
Store_5,Product_1770,7.26
Store_1,Product_1771,52.26
Store_2,Product_1772,59.44
Store_3,Product_1773,25.8
Store_4,Product_1774,15.11
Store_5,Product_1775,45.52
Store_1,Product_1776,33.03
Store_2,Product_1777,75.9
Store_3,Product_1778,43.17
Store_4,Product_1779,5.83
Store_5,Product_1780,89.78
Store_1,Product_1781,98.39
Store_2,Product_1782,28.22
Store_3,Product_1783,48.61
Store_4,Product_1784,3.59
Store_5,Product_1785,72.76
Store_1,Product_1786,30.91
Store_2,Product_1787,98.26
Store_3,Product_1788,75.63
Store_4,Product_1789,95.3
Store_5,Product_1790,68.69
Store_1,Product_1791,74.14
Store_2,Product_1792,34.96
Store_3,Product_1793,12.88
Store_4,Product_1794,54.45
Store_5,Product_1795,62.06
Store_1,Product_1796,80.58
Store_2,Product_1797,62.93
Store_3,Product_1798,57.57
Store_4,Product_1799,37.7
Store_5,Product_1800,27.98
Store_1,Product_1801,22.59
Store_2,Product_1802,32.78
Store_3,Product_1803,99.8
Store_4,Product_1804,55.66
Store_5,Product_1805,60.49
Store_1,Product_1806,34.2
Store_2,Product_1807,7.14
Store_3,Product_1808,59.58
Store_4,Product_1809,51.37
Store_5,Product_1810,13.26
Store_1,Product_1811,12.2
Store_2,Product_1812,70.14
Store_3,Product_1813,88.31
Store_4,Product_1814,52.02
Store_5,Product_1815,5.4
Store_1,Product_1816,44.63
Store_2,Product_1817,97.44
Store_3,Product_1818,20.68
Store_4,Product_1819,73.45
Store_5,Product_1820,15.72
Store_1,Product_1821,47.64
Store_2,Product_1822,14.68
Store_3,Product_1823,97.74
Store_4,Product_1824,53.14
Store_5,Product_1825,38.07
Store_1,Product_1826,10.4
Store_2,Product_1827,3.04
Store_3,Product_1828,14.92
Store_4,Product_1829,21.79
Store_5,Product_1830,85.44
Store_1,Product_1831,23.6
Store_2,Product_1832,88.47
Store_3,Product_1833,44.43
Store_4,Product_1834,55.11
Store_5,Product_1835,42.64
Store_1,Product_1836,23.39
Store_2,Product_1837,90.65
Store_3,Product_1838,36.68
Store_4,Product_1839,86.45
Store_5,Product_1840,4.79
Store_1,Product_1841,85.41
Store_2,Product_1842,33.95
Store_3,Product_1843,69.51
Store_4,Product_1844,5.75
Store_5,Product_1845,6.79
Store_1,Product_1846,71.71
Store_2,Product_1847,12.36
Store_3,Product_1848,1.78
Store_4,Product_1849,32.95
Store_5,Product_1850,23.22
Store_1,Product_1851,25.15
Store_2,Product_1852,96.71
Store_3,Product_1853,41.4
Store_4,Product_1854,39.07
Store_5,Product_1855,76.71
Store_1,Product_1856,7.41
Store_2,Product_1857,2.55
Store_3,Product_1858,85.66
Store_4,Product_1859,63.41
Store_5,Product_1860,12.12
Store_1,Product_1861,18.05
Store_2,Product_1862,40.88
Store_3,Product_1863,30.21
Store_4,Product_1864,86.72
Store_5,Product_1865,74.17
Store_1,Product_1866,58.04
Store_2,Product_1867,45.72
Store_3,Product_1868,28.56
Store_4,Product_1869,23.03
Store_5,Product_1870,34.98
Store_1,Product_1871,57.53
Store_2,Product_1872,84.71
Store_3,Product_1873,60.67
Store_4,Product_1874,33.54
Store_5,Product_1875,82.18
Store_1,Product_1876,58.0
Store_2,Product_1877,24.41
Store_3,Product_1878,94.15
Store_4,Product_1879,50.55
Store_5,Product_1880,7.12
Store_1,Product_1881,63.09
Store_2,Product_1882,46.53
Store_3,Product_1883,92.27
Store_4,Product_1884,85.95
Store_5,Product_1885,83.83
Store_1,Product_1886,85.04
Store_2,Product_1887,52.97
Store_3,Product_1888,25.01
Store_4,Product_1889,75.46
Store_5,Product_1890,62.76
Store_1,Product_1891,69.98
Store_2,Product_1892,36.99
Store_3,Product_1893,3.32
Store_4,Product_1894,66.11
Store_5,Product_1895,82.03
Store_1,Product_1896,84.89
Store_2,Product_1897,94.48
Store_3,Product_1898,15.33
Store_4,Product_1899,70.17
Store_5,Product_1900,98.82
Store_1,Product_1901,5.48
Store_2,Product_1902,33.2
Store_3,Product_1903,14.1
Store_4,Product_1904,63.27
Store_5,Product_1905,25.62
Store_1,Product_1906,45.7
Store_2,Product_1907,25.98
Store_3,Product_1908,14.44
Store_4,Product_1909,50.39
Store_5,Product_1910,16.58
Store_1,Product_1911,9.5
Store_2,Product_1912,98.7
Store_3,Product_1913,81.89
Store_4,Product_1914,56.59
Store_5,Product_1915,87.69
Store_1,Product_1916,33.99
Store_2,Product_1917,64.6
Store_3,Product_1918,79.88
Store_4,Product_1919,67.93
Store_5,Product_1920,44.43
Store_1,Product_1921,77.88
Store_2,Product_1922,44.28
Store_3,Product_1923,99.17
Store_4,Product_1924,86.9
Store_5,Product_1925,48.11
Store_1,Product_1926,8.84
Store_2,Product_1927,11.65
Store_3,Product_1928,72.55
Store_4,Product_1929,97.56
Store_5,Product_1930,17.86
Store_1,Product_1931,57.5
Store_2,Product_1932,55.18
Store_3,Product_1933,94.31
Store_4,Product_1934,83.62
Store_5,Product_1935,16.03
Store_1,Product_1936,51.83
Store_2,Product_1937,30.28
Store_3,Product_1938,69.22
Store_4,Product_1939,56.58
Store_5,Product_1940,4.57
Store_1,Product_1941,58.95
Store_2,Product_1942,37.9
Store_3,Product_1943,7.14
Store_4,Product_1944,97.99
Store_5,Product_1945,40.62
Store_1,Product_1946,97.56
Store_2,Product_1947,45.82
Store_3,Product_1948,21.41
Store_4,Product_1949,26.53
Store_5,Product_1950,99.02
Store_1,Product_1951,43.35
Store_2,Product_1952,34.6
Store_3,Product_1953,66.66
Store_4,Product_1954,93.2
Store_5,Product_1955,22.16
Store_1,Product_1956,72.66
Store_2,Product_1957,53.55
Store_3,Product_1958,37.15
Store_4,Product_1959,91.84
Store_5,Product_1960,77.43
Store_1,Product_1961,18.93
Store_2,Product_1962,21.74
Store_3,Product_1963,64.7
Store_4,Product_1964,38.63
Store_5,Product_1965,61.9
Store_1,Product_1966,86.03
Store_2,Product_1967,89.42
Store_3,Product_1968,72.49
Store_4,Product_1969,45.63
Store_5,Product_1970,70.66
Store_1,Product_1971,97.57
Store_2,Product_1972,52.14
Store_3,Product_1973,7.77
Store_4,Product_1974,24.75
Store_5,Product_1975,16.68
Store_1,Product_1976,99.81
Store_2,Product_1977,66.33
Store_3,Product_1978,95.46
Store_4,Product_1979,78.51
Store_5,Product_1980,53.36
Store_1,Product_1981,51.38
Store_2,Product_1982,70.03
Store_3,Product_1983,79.76
Store_4,Product_1984,30.91
Store_5,Product_1985,64.86
Store_1,Product_1986,48.62
Store_2,Product_1987,99.13
Store_3,Product_1988,67.2
Store_4,Product_1989,53.76
Store_5,Product_1990,18.92
Store_1,Product_1991,92.42
Store_2,Product_1992,15.07
Store_3,Product_1993,51.64
Store_4,Product_1994,92.23
Store_5,Product_1995,93.85
Store_1,Product_1996,73.89
Store_2,Product_1997,58.07
Store_3,Product_1998,16.07
Store_4,Product_1999,47.94
Store_5,Product_2000,87.18
