store,product,fixed_cost
Store_1,Product_1,84.56
Store_2,Product_2,35.7
Store_3,Product_3,23.3
Store_4,Product_4,84.87
Store_5,Product_5,5.03
Store_1,Product_6,53.68
Store_2,Product_7,98.09
Store_3,Product_8,20.32
Store_4,Product_9,13.87
Store_5,Product_10,44.73
Store_1,Product_11,8.89
Store_2,Product_12,70.04
Store_3,Product_13,53.79
Store_4,Product_14,22.78
Store_5,Product_15,2.02
Store_1,Product_16,47.37
Store_2,Product_17,23.92
Store_3,Product_18,46.01
Store_4,Product_19,60.39
Store_5,Product_20,56.88
Store_1,Product_21,57.46
Store_2,Product_22,99.29
Store_3,Product_23,15.59
Store_4,Product_24,38.47
Store_5,Product_25,6.7
Store_1,Product_26,19.13
Store_2,Product_27,59.97
Store_3,Product_28,4.45
Store_4,Product_29,22.02
Store_5,Product_30,47.44
Store_1,Product_31,87.76
Store_2,Product_32,95.88
Store_3,Product_33,80.31
Store_4,Product_34,79.0
Store_5,Product_35,82.71
Store_1,Product_36,49.44
Store_2,Product_37,95.2
Store_3,Product_38,70.85
Store_4,Product_39,73.99
Store_5,Product_40,67.0
Store_1,Product_41,65.47
Store_2,Product_42,1.38
Store_3,Product_43,58.53
Store_4,Product_44,28.68
Store_5,Product_45,54.57
Store_1,Product_46,31.27
Store_2,Product_47,32.29
Store_3,Product_48,3.0
Store_4,Product_49,4.83
Store_5,Product_50,87.59
Store_1,Product_51,68.68
Store_2,Product_52,35.0
Store_3,Product_53,84.06
Store_4,Product_54,58.65
Store_5,Product_55,27.71
Store_1,Product_56,40.08
Store_2,Product_57,59.98
Store_3,Product_58,16.59
Store_4,Product_59,20.07
Store_5,Product_60,28.95
Store_1,Product_61,40.13
Store_2,Product_62,12.27
Store_3,Product_63,71.18
Store_4,Product_64,20.43
Store_5,Product_65,85.01
Store_1,Product_66,98.61
Store_2,Product_67,72.24
Store_3,Product_68,1.16
Store_4,Product_69,95.6
Store_5,Product_70,22.04
Store_1,Product_71,92.07
Store_2,Product_72,77.55
Store_3,Product_73,96.78
Store_4,Product_74,1.16
Store_5,Product_75,84.76
Store_1,Product_76,78.76
Store_2,Product_77,83.38
Store_3,Product_78,77.44
Store_4,Product_79,73.8
Store_5,Product_80,82.68
Store_1,Product_81,43.08
Store_2,Product_82,95.13
Store_3,Product_83,63.49
Store_4,Product_84,42.58
Store_5,Product_85,86.04
Store_1,Product_86,36.95
Store_2,Product_87,20.73
Store_3,Product_88,58.03
Store_4,Product_89,67.67
Store_5,Product_90,16.17
Store_1,Product_91,68.46
Store_2,Product_92,4.99
Store_3,Product_93,82.25
Store_4,Product_94,10.79
Store_5,Product_95,50.99
Store_1,Product_96,38.59
Store_2,Product_97,50.77
Store_3,Product_98,43.03
Store_4,Product_99,84.77
Store_5,Product_100,6.85
Store_1,Product_101,68.99
Store_2,Product_102,9.11
Store_3,Product_103,78.04
Store_4,Product_104,22.49
Store_5,Product_105,10.81
Store_1,Product_106,22.55
Store_2,Product_107,22.47
Store_3,Product_108,71.89
Store_4,Product_109,22.12
Store_5,Product_110,8.09
Store_1,Product_111,15.63
Store_2,Product_112,83.7
Store_3,Product_113,51.45
Store_4,Product_114,43.45
Store_5,Product_115,34.43
Store_1,Product_116,63.94
Store_2,Product_117,25.92
Store_3,Product_118,27.17
Store_4,Product_119,68.0
Store_5,Product_120,86.25
Store_1,Product_121,63.34
Store_2,Product_122,71.27
Store_3,Product_123,58.62
Store_4,Product_124,95.83
Store_5,Product_125,71.09
Store_1,Product_126,52.44
Store_2,Product_127,48.18
Store_3,Product_128,77.04
Store_4,Product_129,5.41
Store_5,Product_130,82.51
Store_1,Product_131,60.53
Store_2,Product_132,91.5
Store_3,Product_133,42.74
Store_4,Product_134,34.6
Store_5,Product_135,24.57
Store_1,Product_136,44.36
Store_2,Product_137,79.25
Store_3,Product_138,69.35
Store_4,Product_139,29.11
Store_5,Product_140,2.36
Store_1,Product_141,76.91
Store_2,Product_142,21.26
Store_3,Product_143,62.08
Store_4,Product_144,5.34
Store_5,Product_145,51.75
Store_1,Product_146,71.26
Store_2,Product_147,75.86
Store_3,Product_148,93.95
Store_4,Product_149,68.26
Store_5,Product_150,12.09
Store_1,Product_151,65.68
Store_2,Product_152,34.07
Store_3,Product_153,65.75
Store_4,Product_154,51.7
Store_5,Product_155,86.2
Store_1,Product_156,6.51
Store_2,Product_157,33.1
Store_3,Product_158,69.31
Store_4,Product_159,41.7
Store_5,Product_160,15.9
Store_1,Product_161,47.4
Store_2,Product_162,40.09
Store_3,Product_163,48.77
Store_4,Product_164,97.1
Store_5,Product_165,74.32
Store_1,Product_166,34.22
Store_2,Product_167,98.84
Store_3,Product_168,39.67
Store_4,Product_169,60.05
Store_5,Product_170,45.83
Store_1,Product_171,17.06
Store_2,Product_172,48.68
Store_3,Product_173,96.08
Store_4,Product_174,83.13
Store_5,Product_175,39.82
Store_1,Product_176,33.75
Store_2,Product_177,59.31
Store_3,Product_178,83.52
Store_4,Product_179,64.38
Store_5,Product_180,37.35
Store_1,Product_181,71.45
Store_2,Product_182,45.49
Store_3,Product_183,81.37
Store_4,Product_184,84.96
Store_5,Product_185,19.81
Store_1,Product_186,62.48
Store_2,Product_187,29.36
Store_3,Product_188,67.15
Store_4,Product_189,74.55
Store_5,Product_190,39.45
Store_1,Product_191,70.88
Store_2,Product_192,74.22
Store_3,Product_193,44.97
Store_4,Product_194,43.84
Store_5,Product_195,8.55
Store_1,Product_196,11.39
Store_2,Product_197,54.08
Store_3,Product_198,33.32
Store_4,Product_199,93.05
Store_5,Product_200,41.71
Store_1,Product_201,5.9
Store_2,Product_202,7.25
Store_3,Product_203,3.69
Store_4,Product_204,10.54
Store_5,Product_205,34.79
Store_1,Product_206,46.32
Store_2,Product_207,47.35
Store_3,Product_208,29.74
Store_4,Product_209,2.36
Store_5,Product_210,84.6
Store_1,Product_211,11.47
Store_2,Product_212,26.65
Store_3,Product_213,69.81
Store_4,Product_214,47.58
Store_5,Product_215,70.44
Store_1,Product_216,1.39
Store_2,Product_217,24.69
Store_3,Product_218,76.78
Store_4,Product_219,46.84
Store_5,Product_220,33.68
Store_1,Product_221,11.89
Store_2,Product_222,73.64
Store_3,Product_223,81.54
Store_4,Product_224,46.88
Store_5,Product_225,83.48
Store_1,Product_226,20.71
Store_2,Product_227,53.94
Store_3,Product_228,65.41
Store_4,Product_229,8.68
Store_5,Product_230,1.42
Store_1,Product_231,13.53
Store_2,Product_232,78.63
Store_3,Product_233,79.33
Store_4,Product_234,30.7
Store_5,Product_235,4.4
Store_1,Product_236,36.13
Store_2,Product_237,46.16
Store_3,Product_238,30.59
Store_4,Product_239,35.4
Store_5,Product_240,35.02
Store_1,Product_241,11.2
Store_2,Product_242,28.3
Store_3,Product_243,27.98
Store_4,Product_244,8.27
Store_5,Product_245,59.85
Store_1,Product_246,62.75
Store_2,Product_247,3.93
Store_3,Product_248,45.05
Store_4,Product_249,70.16
Store_5,Product_250,17.65
Store_1,Product_251,36.52
Store_2,Product_252,43.12
Store_3,Product_253,27.82
Store_4,Product_254,17.12
Store_5,Product_255,46.33
Store_1,Product_256,90.66
Store_2,Product_257,71.67
Store_3,Product_258,75.13
Store_4,Product_259,14.14
Store_5,Product_260,18.28
Store_1,Product_261,46.19
Store_2,Product_262,2.04
Store_3,Product_263,46.65
Store_4,Product_264,92.94
Store_5,Product_265,47.57
Store_1,Product_266,68.25
Store_2,Product_267,54.67
Store_3,Product_268,29.92
Store_4,Product_269,29.21
Store_5,Product_270,34.86
Store_1,Product_271,70.99
Store_2,Product_272,51.18
Store_3,Product_273,8.07
Store_4,Product_274,5.62
Store_5,Product_275,83.66
Store_1,Product_276,2.65
Store_2,Product_277,91.39
Store_3,Product_278,95.46
Store_4,Product_279,76.64
Store_5,Product_280,78.29
Store_1,Product_281,34.25
Store_2,Product_282,28.07
Store_3,Product_283,47.8
Store_4,Product_284,52.7
Store_5,Product_285,86.44
Store_1,Product_286,59.06
Store_2,Product_287,24.21
Store_3,Product_288,75.38
Store_4,Product_289,93.98
Store_5,Product_290,99.43
Store_1,Product_291,16.14
Store_2,Product_292,37.34
Store_3,Product_293,39.57
Store_4,Product_294,43.27
Store_5,Product_295,6.58
Store_1,Product_296,6.28
Store_2,Product_297,10.54
Store_3,Product_298,21.64
Store_4,Product_299,3.67
Store_5,Product_300,52.02
Store_1,Product_301,94.09
Store_2,Product_302,20.83
Store_3,Product_303,68.45
Store_4,Product_304,43.73
Store_5,Product_305,62.72
Store_1,Product_306,86.76
Store_2,Product_307,15.12
Store_3,Product_308,6.57
Store_4,Product_309,6.12
Store_5,Product_310,8.34
Store_1,Product_311,85.37
Store_2,Product_312,14.33
Store_3,Product_313,95.09
Store_4,Product_314,82.38
Store_5,Product_315,71.27
Store_1,Product_316,26.86
Store_2,Product_317,86.24
Store_3,Product_318,22.44
Store_4,Product_319,81.48
Store_5,Product_320,72.7
Store_1,Product_321,68.63
Store_2,Product_322,30.54
Store_3,Product_323,79.45
Store_4,Product_324,40.43
Store_5,Product_325,87.38
Store_1,Product_326,61.63
Store_2,Product_327,91.0
Store_3,Product_328,42.27
Store_4,Product_329,74.79
Store_5,Product_330,31.91
Store_1,Product_331,46.43
Store_2,Product_332,36.93
Store_3,Product_333,11.38
Store_4,Product_334,2.57
Store_5,Product_335,69.44
Store_1,Product_336,55.01
Store_2,Product_337,44.62
Store_3,Product_338,74.28
Store_4,Product_339,12.44
Store_5,Product_340,1.48
Store_1,Product_341,83.9
Store_2,Product_342,67.37
Store_3,Product_343,85.95
Store_4,Product_344,40.41
Store_5,Product_345,12.04
Store_1,Product_346,6.69
Store_2,Product_347,22.72
Store_3,Product_348,73.98
Store_4,Product_349,35.49
Store_5,Product_350,75.07
Store_1,Product_351,29.93
Store_2,Product_352,14.4
Store_3,Product_353,83.28
Store_4,Product_354,42.89
Store_5,Product_355,91.46
Store_1,Product_356,11.81
Store_2,Product_357,8.8
Store_3,Product_358,76.52
Store_4,Product_359,95.8
Store_5,Product_360,42.38
Store_1,Product_361,76.74
Store_2,Product_362,48.59
Store_3,Product_363,69.37
Store_4,Product_364,39.62
Store_5,Product_365,92.68
Store_1,Product_366,61.77
Store_2,Product_367,31.67
Store_3,Product_368,49.11
Store_4,Product_369,54.24
Store_5,Product_370,45.5
Store_1,Product_371,45.5
Store_2,Product_372,66.28
Store_3,Product_373,69.2
Store_4,Product_374,32.17
Store_5,Product_375,96.99
Store_1,Product_376,52.89
Store_2,Product_377,16.96
Store_3,Product_378,83.85
Store_4,Product_379,27.76
Store_5,Product_380,58.35
Store_1,Product_381,76.86
Store_2,Product_382,30.2
Store_3,Product_383,44.55
Store_4,Product_384,60.81
Store_5,Product_385,5.73
Store_1,Product_386,87.32
Store_2,Product_387,10.96
Store_3,Product_388,41.66
Store_4,Product_389,19.32
Store_5,Product_390,16.56
Store_1,Product_391,37.1
Store_2,Product_392,70.08
Store_3,Product_393,48.06
Store_4,Product_394,35.79
Store_5,Product_395,83.38
Store_1,Product_396,43.85
Store_2,Product_397,65.91
Store_3,Product_398,14.49
Store_4,Product_399,86.64
Store_5,Product_400,5.91
Store_1,Product_401,70.4
Store_2,Product_402,85.73
Store_3,Product_403,25.96
Store_4,Product_404,94.52
Store_5,Product_405,20.13
Store_1,Product_406,4.19
Store_2,Product_407,54.63
Store_3,Product_408,5.75
Store_4,Product_409,79.77
Store_5,Product_410,96.84
Store_1,Product_411,45.38
Store_2,Product_412,70.68
Store_3,Product_413,46.31
Store_4,Product_414,97.17
Store_5,Product_415,30.85
Store_1,Product_416,54.46
Store_2,Product_417,40.73
Store_3,Product_418,91.38
Store_4,Product_419,25.33
Store_5,Product_420,26.01
Store_1,Product_421,50.91
Store_2,Product_422,5.82
Store_3,Product_423,53.82
Store_4,Product_424,93.96
Store_5,Product_425,40.9
Store_1,Product_426,58.29
Store_2,Product_427,3.36
Store_3,Product_428,86.85
Store_4,Product_429,52.09
Store_5,Product_430,40.01
Store_1,Product_431,41.42
Store_2,Product_432,10.08
Store_3,Product_433,44.82
Store_4,Product_434,34.61
Store_5,Product_435,53.11
Store_1,Product_436,89.2
Store_2,Product_437,2.12
Store_3,Product_438,57.52
Store_4,Product_439,10.73
Store_5,Product_440,44.34
Store_1,Product_441,23.95
Store_2,Product_442,78.08
Store_3,Product_443,35.25
Store_4,Product_444,86.2
Store_5,Product_445,85.68
Store_1,Product_446,20.0
Store_2,Product_447,59.24
Store_3,Product_448,28.83
Store_4,Product_449,54.08
Store_5,Product_450,76.37
Store_1,Product_451,36.3
Store_2,Product_452,6.63
Store_3,Product_453,23.66
Store_4,Product_454,20.95
Store_5,Product_455,6.05
Store_1,Product_456,42.02
Store_2,Product_457,47.82
Store_3,Product_458,35.55
Store_4,Product_459,94.04
Store_5,Product_460,72.91
Store_1,Product_461,54.77
Store_2,Product_462,13.63
Store_3,Product_463,75.36
Store_4,Product_464,47.29
Store_5,Product_465,55.93
Store_1,Product_466,35.34
Store_2,Product_467,50.81
Store_3,Product_468,93.1
Store_4,Product_469,90.72
Store_5,Product_470,18.08
Store_1,Product_471,11.87
Store_2,Product_472,45.13
Store_3,Product_473,94.13
Store_4,Product_474,88.27
Store_5,Product_475,50.39
Store_1,Product_476,56.63
Store_2,Product_477,14.86
Store_3,Product_478,94.85
Store_4,Product_479,6.15
Store_5,Product_480,22.51
Store_1,Product_481,86.67
Store_2,Product_482,67.77
Store_3,Product_483,57.94
Store_4,Product_484,25.16
Store_5,Product_485,17.05
Store_1,Product_486,55.01
Store_2,Product_487,34.74
Store_3,Product_488,3.02
Store_4,Product_489,39.68
Store_5,Product_490,1.91
Store_1,Product_491,10.67
Store_2,Product_492,81.96
Store_3,Product_493,24.57
Store_4,Product_494,27.56
Store_5,Product_495,72.79
Store_1,Product_496,41.14
Store_2,Product_497,17.52
Store_3,Product_498,20.98
Store_4,Product_499,51.49
Store_5,Product_500,91.33
Store_1,Product_501,96.42
Store_2,Product_502,21.93
Store_3,Product_503,94.71
Store_4,Product_504,25.39
Store_5,Product_505,22.83
Store_1,Product_506,68.23
Store_2,Product_507,91.21
Store_3,Product_508,59.63
Store_4,Product_509,63.99
Store_5,Product_510,17.05
Store_1,Product_511,67.86
Store_2,Product_512,15.34
Store_3,Product_513,22.27
Store_4,Product_514,48.42
Store_5,Product_515,29.87
Store_1,Product_516,28.19
Store_2,Product_517,44.27
Store_3,Product_518,48.44
Store_4,Product_519,30.3
Store_5,Product_520,96.77
Store_1,Product_521,32.12
Store_2,Product_522,86.72
Store_3,Product_523,42.83
Store_4,Product_524,45.26
Store_5,Product_525,79.59
Store_1,Product_526,19.07
Store_2,Product_527,96.06
Store_3,Product_528,2.21
Store_4,Product_529,10.15
Store_5,Product_530,5.11
Store_1,Product_531,16.57
Store_2,Product_532,68.27
Store_3,Product_533,15.19
Store_4,Product_534,53.07
Store_5,Product_535,11.52
Store_1,Product_536,59.88
Store_2,Product_537,4.06
Store_3,Product_538,45.8
Store_4,Product_539,53.71
Store_5,Product_540,11.7
Store_1,Product_541,37.79
Store_2,Product_542,1.87
Store_3,Product_543,82.96
Store_4,Product_544,8.62
Store_5,Product_545,87.89
Store_1,Product_546,39.69
Store_2,Product_547,57.68
Store_3,Product_548,35.11
Store_4,Product_549,56.42
Store_5,Product_550,10.56
Store_1,Product_551,1.39
Store_2,Product_552,56.95
Store_3,Product_553,54.58
Store_4,Product_554,37.86
Store_5,Product_555,47.75
Store_1,Product_556,42.52
Store_2,Product_557,51.5
Store_3,Product_558,88.87
Store_4,Product_559,53.36
Store_5,Product_560,55.07
Store_1,Product_561,68.24
Store_2,Product_562,22.01
Store_3,Product_563,19.61
Store_4,Product_564,3.75
Store_5,Product_565,70.53
Store_1,Product_566,31.21
Store_2,Product_567,47.15
Store_3,Product_568,81.18
Store_4,Product_569,31.41
Store_5,Product_570,54.2
Store_1,Product_571,25.46
Store_2,Product_572,26.05
Store_3,Product_573,57.8
Store_4,Product_574,69.83
Store_5,Product_575,78.57
Store_1,Product_576,5.87
Store_2,Product_577,34.03
Store_3,Product_578,74.16
Store_4,Product_579,66.09
Store_5,Product_580,34.74
Store_1,Product_581,68.32
Store_2,Product_582,87.73
Store_3,Product_583,5.43
Store_4,Product_584,65.97
Store_5,Product_585,1.34
Store_1,Product_586,45.75
Store_2,Product_587,74.3
Store_3,Product_588,23.47
Store_4,Product_589,21.5
Store_5,Product_590,6.98
Store_1,Product_591,16.33
Store_2,Product_592,13.82
Store_3,Product_593,64.45
Store_4,Product_594,19.87
Store_5,Product_595,37.26
Store_1,Product_596,64.49
Store_2,Product_597,94.85
Store_3,Product_598,92.8
Store_4,Product_599,85.02
Store_5,Product_600,44.12
Store_1,Product_601,82.39
Store_2,Product_602,74.2
Store_3,Product_603,26.67
Store_4,Product_604,84.76
Store_5,Product_605,77.15
Store_1,Product_606,61.81
Store_2,Product_607,78.28
Store_3,Product_608,83.24
Store_4,Product_609,98.34
Store_5,Product_610,36.82
Store_1,Product_611,73.68
Store_2,Product_612,42.21
Store_3,Product_613,17.58
Store_4,Product_614,47.02
Store_5,Product_615,29.23
Store_1,Product_616,93.9
Store_2,Product_617,61.06
Store_3,Product_618,60.22
Store_4,Product_619,16.98
Store_5,Product_620,14.34
Store_1,Product_621,45.17
Store_2,Product_622,80.82
Store_3,Product_623,36.05
Store_4,Product_624,18.12
Store_5,Product_625,12.93
Store_1,Product_626,51.21
Store_2,Product_627,73.36
Store_3,Product_628,27.97
Store_4,Product_629,76.47
Store_5,Product_630,23.16
Store_1,Product_631,19.01
Store_2,Product_632,26.6
Store_3,Product_633,57.31
Store_4,Product_634,76.39
Store_5,Product_635,41.7
Store_1,Product_636,16.2
Store_2,Product_637,35.36
Store_3,Product_638,32.83
Store_4,Product_639,56.11
Store_5,Product_640,12.7
Store_1,Product_641,6.31
Store_2,Product_642,56.66
Store_3,Product_643,14.12
Store_4,Product_644,23.35
Store_5,Product_645,35.88
Store_1,Product_646,45.67
Store_2,Product_647,40.54
Store_3,Product_648,42.13
Store_4,Product_649,53.85
Store_5,Product_650,7.92
Store_1,Product_651,65.6
Store_2,Product_652,16.97
Store_3,Product_653,57.21
Store_4,Product_654,52.41
Store_5,Product_655,54.4
Store_1,Product_656,65.98
Store_2,Product_657,42.06
Store_3,Product_658,48.19
Store_4,Product_659,97.63
Store_5,Product_660,43.72
Store_1,Product_661,14.04
Store_2,Product_662,59.54
Store_3,Product_663,88.32
Store_4,Product_664,89.26
Store_5,Product_665,10.9
Store_1,Product_666,41.71
Store_2,Product_667,8.68
Store_3,Product_668,65.35
Store_4,Product_669,22.17
Store_5,Product_670,3.4
Store_1,Product_671,2.79
Store_2,Product_672,83.67
Store_3,Product_673,26.73
Store_4,Product_674,85.14
Store_5,Product_675,48.59
Store_1,Product_676,49.54
Store_2,Product_677,30.61
Store_3,Product_678,33.32
Store_4,Product_679,98.08
Store_5,Product_680,83.04
Store_1,Product_681,79.15
Store_2,Product_682,51.25
Store_3,Product_683,36.47
Store_4,Product_684,86.25
Store_5,Product_685,35.17
Store_1,Product_686,38.62
Store_2,Product_687,65.91
Store_3,Product_688,95.49
Store_4,Product_689,96.91
Store_5,Product_690,2.14
Store_1,Product_691,26.81
Store_2,Product_692,66.3
Store_3,Product_693,23.12
Store_4,Product_694,98.71
Store_5,Product_695,95.19
Store_1,Product_696,82.36
Store_2,Product_697,42.1
Store_3,Product_698,7.29
Store_4,Product_699,72.65
Store_5,Product_700,75.47
Store_1,Product_701,30.82
Store_2,Product_702,80.0
Store_3,Product_703,53.08
Store_4,Product_704,13.07
Store_5,Product_705,14.48
Store_1,Product_706,29.46
Store_2,Product_707,11.9
Store_3,Product_708,8.2
Store_4,Product_709,23.3
Store_5,Product_710,40.37
Store_1,Product_711,44.8
Store_2,Product_712,84.48
Store_3,Product_713,2.02
Store_4,Product_714,40.66
Store_5,Product_715,60.37
Store_1,Product_716,84.85
Store_2,Product_717,74.63
Store_3,Product_718,67.37
Store_4,Product_719,18.0
Store_5,Product_720,15.18
Store_1,Product_721,13.06
Store_2,Product_722,4.21
Store_3,Product_723,8.89
Store_4,Product_724,64.22
Store_5,Product_725,9.71
Store_1,Product_726,54.58
Store_2,Product_727,68.58
Store_3,Product_728,25.32
Store_4,Product_729,82.61
Store_5,Product_730,88.41
Store_1,Product_731,80.13
Store_2,Product_732,91.45
Store_3,Product_733,60.63
Store_4,Product_734,98.5
Store_5,Product_735,44.35
Store_1,Product_736,28.3
Store_2,Product_737,92.99
Store_3,Product_738,40.09
Store_4,Product_739,19.15
Store_5,Product_740,14.91
Store_1,Product_741,53.85
Store_2,Product_742,22.19
Store_3,Product_743,51.11
Store_4,Product_744,5.83
Store_5,Product_745,12.3
Store_1,Product_746,27.66
Store_2,Product_747,58.86
Store_3,Product_748,18.29
Store_4,Product_749,13.61
Store_5,Product_750,42.74
Store_1,Product_751,49.73
Store_2,Product_752,2.47
Store_3,Product_753,3.19
Store_4,Product_754,21.39
Store_5,Product_755,85.61
Store_1,Product_756,65.77
Store_2,Product_757,3.8
Store_3,Product_758,85.91
Store_4,Product_759,94.05
Store_5,Product_760,85.31
Store_1,Product_761,43.69
Store_2,Product_762,66.11
Store_3,Product_763,3.32
Store_4,Product_764,48.31
Store_5,Product_765,46.98
Store_1,Product_766,29.56
Store_2,Product_767,65.43
Store_3,Product_768,10.34
Store_4,Product_769,29.16
Store_5,Product_770,65.41
Store_1,Product_771,63.51
Store_2,Product_772,26.77
Store_3,Product_773,66.63
Store_4,Product_774,52.3
Store_5,Product_775,46.79
Store_1,Product_776,69.26
Store_2,Product_777,61.6
Store_3,Product_778,90.95
Store_4,Product_779,18.88
Store_5,Product_780,33.71
Store_1,Product_781,55.62
Store_2,Product_782,63.61
Store_3,Product_783,99.67
Store_4,Product_784,39.35
Store_5,Product_785,11.86
Store_1,Product_786,65.7
Store_2,Product_787,97.76
Store_3,Product_788,12.16
Store_4,Product_789,65.0
Store_5,Product_790,52.56
Store_1,Product_791,88.89
Store_2,Product_792,38.56
Store_3,Product_793,30.74
Store_4,Product_794,73.02
Store_5,Product_795,19.34
Store_1,Product_796,64.48
Store_2,Product_797,79.63
Store_3,Product_798,82.3
Store_4,Product_799,45.59
Store_5,Product_800,41.03
Store_1,Product_801,99.66
Store_2,Product_802,72.9
Store_3,Product_803,97.1
Store_4,Product_804,85.18
Store_5,Product_805,45.96
Store_1,Product_806,48.28
Store_2,Product_807,33.07
Store_3,Product_808,9.82
Store_4,Product_809,54.64
Store_5,Product_810,19.67
Store_1,Product_811,69.07
Store_2,Product_812,98.65
Store_3,Product_813,97.9
Store_4,Product_814,91.78
Store_5,Product_815,90.65
Store_1,Product_816,54.2
Store_2,Product_817,76.15
Store_3,Product_818,17.75
Store_4,Product_819,96.25
Store_5,Product_820,93.55
Store_1,Product_821,61.86
Store_2,Product_822,77.68
Store_3,Product_823,54.73
Store_4,Product_824,2.02
Store_5,Product_825,75.82
Store_1,Product_826,30.12
Store_2,Product_827,94.29
Store_3,Product_828,22.4
Store_4,Product_829,28.18
Store_5,Product_830,37.57
Store_1,Product_831,99.27
Store_2,Product_832,29.81
Store_3,Product_833,83.07
Store_4,Product_834,28.49
Store_5,Product_835,49.29
Store_1,Product_836,68.58
Store_2,Product_837,30.52
Store_3,Product_838,95.2
Store_4,Product_839,32.98
Store_5,Product_840,60.73
Store_1,Product_841,37.37
Store_2,Product_842,95.67
Store_3,Product_843,3.84
Store_4,Product_844,40.53
Store_5,Product_845,71.1
Store_1,Product_846,37.78
Store_2,Product_847,23.45
Store_3,Product_848,14.51
Store_4,Product_849,29.26
Store_5,Product_850,3.68
Store_1,Product_851,31.35
Store_2,Product_852,73.3
Store_3,Product_853,63.84
Store_4,Product_854,98.09
Store_5,Product_855,3.18
Store_1,Product_856,36.99
Store_2,Product_857,88.29
Store_3,Product_858,53.78
Store_4,Product_859,25.24
Store_5,Product_860,76.09
Store_1,Product_861,1.53
Store_2,Product_862,96.47
Store_3,Product_863,88.4
Store_4,Product_864,24.38
Store_5,Product_865,61.65
Store_1,Product_866,76.55
Store_2,Product_867,2.77
Store_3,Product_868,96.1
Store_4,Product_869,53.99
Store_5,Product_870,83.67
Store_1,Product_871,21.5
Store_2,Product_872,63.43
Store_3,Product_873,78.75
Store_4,Product_874,54.66
Store_5,Product_875,95.64
Store_1,Product_876,49.5
Store_2,Product_877,92.32
Store_3,Product_878,15.44
Store_4,Product_879,60.39
Store_5,Product_880,45.0
Store_1,Product_881,91.08
Store_2,Product_882,34.38
Store_3,Product_883,45.62
Store_4,Product_884,61.31
Store_5,Product_885,29.11
Store_1,Product_886,82.53
Store_2,Product_887,43.65
Store_3,Product_888,34.47
Store_4,Product_889,84.62
Store_5,Product_890,25.1
Store_1,Product_891,31.03
Store_2,Product_892,48.26
Store_3,Product_893,65.82
Store_4,Product_894,8.36
Store_5,Product_895,5.88
Store_1,Product_896,23.01
Store_2,Product_897,65.18
Store_3,Product_898,68.14
Store_4,Product_899,53.21
Store_5,Product_900,10.63
Store_1,Product_901,83.45
Store_2,Product_902,91.99
Store_3,Product_903,40.57
Store_4,Product_904,22.34
Store_5,Product_905,63.73
Store_1,Product_906,81.93
Store_2,Product_907,9.19
Store_3,Product_908,57.95
Store_4,Product_909,21.94
Store_5,Product_910,23.88
Store_1,Product_911,81.04
Store_2,Product_912,12.71
Store_3,Product_913,57.07
Store_4,Product_914,70.38
Store_5,Product_915,30.79
Store_1,Product_916,38.01
Store_2,Product_917,33.1
Store_3,Product_918,13.3
Store_4,Product_919,20.45
Store_5,Product_920,37.14
Store_1,Product_921,4.91
Store_2,Product_922,4.92
Store_3,Product_923,79.11
Store_4,Product_924,58.87
Store_5,Product_925,73.47
Store_1,Product_926,72.12
Store_2,Product_927,6.25
Store_3,Product_928,75.89
Store_4,Product_929,37.65
Store_5,Product_930,28.65
Store_1,Product_931,54.6
Store_2,Product_932,37.27
Store_3,Product_933,46.07
Store_4,Product_934,40.36
Store_5,Product_935,65.93
Store_1,Product_936,36.29
Store_2,Product_937,21.35
Store_3,Product_938,79.18
Store_4,Product_939,41.42
Store_5,Product_940,36.85
Store_1,Product_941,31.12
Store_2,Product_942,15.54
Store_3,Product_943,94.71
Store_4,Product_944,53.03
Store_5,Product_945,2.54
Store_1,Product_946,97.91
Store_2,Product_947,36.16
Store_3,Product_948,2.78
Store_4,Product_949,74.87
Store_5,Product_950,41.62
Store_1,Product_951,71.73
Store_2,Product_952,99.09
Store_3,Product_953,15.4
Store_4,Product_954,81.34
Store_5,Product_955,53.11
Store_1,Product_956,79.21
Store_2,Product_957,25.49
Store_3,Product_958,18.6
Store_4,Product_959,81.15
Store_5,Product_960,73.24
Store_1,Product_961,16.97
Store_2,Product_962,4.3
Store_3,Product_963,97.79
Store_4,Product_964,46.92
Store_5,Product_965,23.23
Store_1,Product_966,60.15
Store_2,Product_967,80.85
Store_3,Product_968,36.89
Store_4,Product_969,17.08
Store_5,Product_970,17.04
Store_1,Product_971,81.71
Store_2,Product_972,39.77
Store_3,Product_973,7.25
Store_4,Product_974,72.61
Store_5,Product_975,35.08
Store_1,Product_976,43.01
Store_2,Product_977,69.19
Store_3,Product_978,22.58
Store_4,Product_979,43.15
Store_5,Product_980,56.14
Store_1,Product_981,58.95
Store_2,Product_982,43.0
Store_3,Product_983,50.56
Store_4,Product_984,40.15
Store_5,Product_985,57.39
Store_1,Product_986,54.88
Store_2,Product_987,5.86
Store_3,Product_988,92.51
Store_4,Product_989,35.41
Store_5,Product_990,93.59
Store_1,Product_991,22.72
Store_2,Product_992,3.18
Store_3,Product_993,36.43
Store_4,Product_994,10.7
Store_5,Product_995,49.95
Store_1,Product_996,90.42
Store_2,Product_997,47.6
Store_3,Product_998,80.13
Store_4,Product_999,30.97
Store_5,Product_1000,72.71
Store_1,Product_1001,79.84
Store_2,Product_1002,97.97
Store_3,Product_1003,1.92
Store_4,Product_1004,68.67
Store_5,Product_1005,21.56
Store_1,Product_1006,10.3
Store_2,Product_1007,24.65
Store_3,Product_1008,78.47
Store_4,Product_1009,91.64
Store_5,Product_1010,94.24
Store_1,Product_1011,75.72
Store_2,Product_1012,25.82
Store_3,Product_1013,83.1
Store_4,Product_1014,57.42
Store_5,Product_1015,85.8
Store_1,Product_1016,58.83
Store_2,Product_1017,46.19
Store_3,Product_1018,21.07
Store_4,Product_1019,62.7
Store_5,Product_1020,87.37
Store_1,Product_1021,87.45
Store_2,Product_1022,9.06
Store_3,Product_1023,68.27
Store_4,Product_1024,87.55
Store_5,Product_1025,23.16
Store_1,Product_1026,13.43
Store_2,Product_1027,78.18
Store_3,Product_1028,36.28
Store_4,Product_1029,16.81
Store_5,Product_1030,3.56
Store_1,Product_1031,50.63
Store_2,Product_1032,23.03
Store_3,Product_1033,86.3
Store_4,Product_1034,13.99
Store_5,Product_1035,99.54
Store_1,Product_1036,97.11
Store_2,Product_1037,46.05
Store_3,Product_1038,16.05
Store_4,Product_1039,7.79
Store_5,Product_1040,17.73
Store_1,Product_1041,16.35
Store_2,Product_1042,15.66
Store_3,Product_1043,49.06
Store_4,Product_1044,17.4
Store_5,Product_1045,61.61
Store_1,Product_1046,84.96
Store_2,Product_1047,18.07
Store_3,Product_1048,23.97
Store_4,Product_1049,72.93
Store_5,Product_1050,80.39
Store_1,Product_1051,16.34
Store_2,Product_1052,64.95
Store_3,Product_1053,56.79
Store_4,Product_1054,96.62
Store_5,Product_1055,72.9
Store_1,Product_1056,68.83
Store_2,Product_1057,70.51
Store_3,Product_1058,67.16
Store_4,Product_1059,24.5
Store_5,Product_1060,88.06
Store_1,Product_1061,11.41
Store_2,Product_1062,79.02
Store_3,Product_1063,53.07
Store_4,Product_1064,84.05
Store_5,Product_1065,59.88
Store_1,Product_1066,19.57
Store_2,Product_1067,1.16
Store_3,Product_1068,64.36
Store_4,Product_1069,58.52
Store_5,Product_1070,45.56
Store_1,Product_1071,91.8
Store_2,Product_1072,85.98
Store_3,Product_1073,7.89
Store_4,Product_1074,33.72
Store_5,Product_1075,90.98
Store_1,Product_1076,48.33
Store_2,Product_1077,93.42
Store_3,Product_1078,26.73
Store_4,Product_1079,18.4
Store_5,Product_1080,6.64
Store_1,Product_1081,69.14
Store_2,Product_1082,88.65
Store_3,Product_1083,23.25
Store_4,Product_1084,71.84
Store_5,Product_1085,99.33
Store_1,Product_1086,9.14
Store_2,Product_1087,25.27
Store_3,Product_1088,25.53
Store_4,Product_1089,29.17
Store_5,Product_1090,18.39
Store_1,Product_1091,15.25
Store_2,Product_1092,50.17
Store_3,Product_1093,43.61
Store_4,Product_1094,52.03
Store_5,Product_1095,2.01
Store_1,Product_1096,34.9
Store_2,Product_1097,83.98
Store_3,Product_1098,9.06
Store_4,Product_1099,99.55
Store_5,Product_1100,28.62
Store_1,Product_1101,26.0
Store_2,Product_1102,30.01
Store_3,Product_1103,95.67
Store_4,Product_1104,64.55
Store_5,Product_1105,25.06
Store_1,Product_1106,6.5
Store_2,Product_1107,97.41
Store_3,Product_1108,4.89
Store_4,Product_1109,20.43
Store_5,Product_1110,75.74
Store_1,Product_1111,54.3
Store_2,Product_1112,49.95
Store_3,Product_1113,39.84
Store_4,Product_1114,19.47
Store_5,Product_1115,12.87
Store_1,Product_1116,38.16
Store_2,Product_1117,90.35
Store_3,Product_1118,91.72
Store_4,Product_1119,48.28
Store_5,Product_1120,41.41
Store_1,Product_1121,56.3
Store_2,Product_1122,44.3
Store_3,Product_1123,28.47
Store_4,Product_1124,38.57
Store_5,Product_1125,27.34
Store_1,Product_1126,38.98
Store_2,Product_1127,45.38
Store_3,Product_1128,10.75
Store_4,Product_1129,8.07
Store_5,Product_1130,43.82
Store_1,Product_1131,48.95
Store_2,Product_1132,92.3
Store_3,Product_1133,33.09
Store_4,Product_1134,4.88
Store_5,Product_1135,29.49
Store_1,Product_1136,64.85
Store_2,Product_1137,47.77
Store_3,Product_1138,89.0
Store_4,Product_1139,49.15
Store_5,Product_1140,52.19
Store_1,Product_1141,81.71
Store_2,Product_1142,65.28
Store_3,Product_1143,46.53
Store_4,Product_1144,88.95
Store_5,Product_1145,24.17
Store_1,Product_1146,77.94
Store_2,Product_1147,75.96
Store_3,Product_1148,88.03
Store_4,Product_1149,68.91
Store_5,Product_1150,43.8
Store_1,Product_1151,99.13
Store_2,Product_1152,49.29
Store_3,Product_1153,33.74
Store_4,Product_1154,17.0
Store_5,Product_1155,53.58
Store_1,Product_1156,59.7
Store_2,Product_1157,13.1
Store_3,Product_1158,79.45
Store_4,Product_1159,94.62
Store_5,Product_1160,37.01
Store_1,Product_1161,39.36
Store_2,Product_1162,9.8
Store_3,Product_1163,98.77
Store_4,Product_1164,60.83
Store_5,Product_1165,72.17
Store_1,Product_1166,60.27
Store_2,Product_1167,21.85
Store_3,Product_1168,28.32
Store_4,Product_1169,57.03
Store_5,Product_1170,59.83
Store_1,Product_1171,43.71
Store_2,Product_1172,5.56
Store_3,Product_1173,14.31
Store_4,Product_1174,80.92
Store_5,Product_1175,76.89
Store_1,Product_1176,88.3
Store_2,Product_1177,86.53
Store_3,Product_1178,46.28
Store_4,Product_1179,61.94
Store_5,Product_1180,15.0
Store_1,Product_1181,27.67
Store_2,Product_1182,20.14
Store_3,Product_1183,46.55
Store_4,Product_1184,95.55
Store_5,Product_1185,25.76
Store_1,Product_1186,75.23
Store_2,Product_1187,41.11
Store_3,Product_1188,4.38
Store_4,Product_1189,71.36
Store_5,Product_1190,71.92
Store_1,Product_1191,42.58
Store_2,Product_1192,57.24
Store_3,Product_1193,60.01
Store_4,Product_1194,60.57
Store_5,Product_1195,39.89
Store_1,Product_1196,63.14
Store_2,Product_1197,61.25
Store_3,Product_1198,86.09
Store_4,Product_1199,1.39
Store_5,Product_1200,20.11
Store_1,Product_1201,41.73
Store_2,Product_1202,8.11
Store_3,Product_1203,55.25
Store_4,Product_1204,58.72
Store_5,Product_1205,8.15
Store_1,Product_1206,32.44
Store_2,Product_1207,65.08
Store_3,Product_1208,99.91
Store_4,Product_1209,56.87
Store_5,Product_1210,53.44
Store_1,Product_1211,92.55
Store_2,Product_1212,43.62
Store_3,Product_1213,83.71
Store_4,Product_1214,88.78
Store_5,Product_1215,73.87
Store_1,Product_1216,98.51
Store_2,Product_1217,28.46
Store_3,Product_1218,86.58
Store_4,Product_1219,59.77
Store_5,Product_1220,2.4
Store_1,Product_1221,15.35
Store_2,Product_1222,59.92
Store_3,Product_1223,19.02
Store_4,Product_1224,52.53
Store_5,Product_1225,95.61
Store_1,Product_1226,84.62
Store_2,Product_1227,23.72
Store_3,Product_1228,11.43
Store_4,Product_1229,6.35
Store_5,Product_1230,26.43
Store_1,Product_1231,14.75
Store_2,Product_1232,51.79
Store_3,Product_1233,62.22
Store_4,Product_1234,89.76
Store_5,Product_1235,13.94
Store_1,Product_1236,89.21
Store_2,Product_1237,15.66
Store_3,Product_1238,58.81
Store_4,Product_1239,87.68
Store_5,Product_1240,98.11
Store_1,Product_1241,56.43
Store_2,Product_1242,75.35
Store_3,Product_1243,62.69
Store_4,Product_1244,62.43
Store_5,Product_1245,88.31
Store_1,Product_1246,62.9
Store_2,Product_1247,23.24
Store_3,Product_1248,41.23
Store_4,Product_1249,13.85
Store_5,Product_1250,69.92
Store_1,Product_1251,16.07
Store_2,Product_1252,91.13
Store_3,Product_1253,18.65
Store_4,Product_1254,15.27
Store_5,Product_1255,58.29
Store_1,Product_1256,37.7
Store_2,Product_1257,66.01
Store_3,Product_1258,45.01
Store_4,Product_1259,82.83
Store_5,Product_1260,46.78
Store_1,Product_1261,42.04
Store_2,Product_1262,44.72
Store_3,Product_1263,94.77
Store_4,Product_1264,18.55
Store_5,Product_1265,10.0
Store_1,Product_1266,76.38
Store_2,Product_1267,67.7
Store_3,Product_1268,13.94
Store_4,Product_1269,12.38
Store_5,Product_1270,79.69
Store_1,Product_1271,30.67
Store_2,Product_1272,36.61
Store_3,Product_1273,97.53
Store_4,Product_1274,59.45
Store_5,Product_1275,47.38
Store_1,Product_1276,87.84
Store_2,Product_1277,24.5
Store_3,Product_1278,76.77
Store_4,Product_1279,63.36
Store_5,Product_1280,96.13
Store_1,Product_1281,53.84
Store_2,Product_1282,47.88
Store_3,Product_1283,71.64
Store_4,Product_1284,73.79
Store_5,Product_1285,29.9
Store_1,Product_1286,13.58
Store_2,Product_1287,28.03
Store_3,Product_1288,44.68
Store_4,Product_1289,41.1
Store_5,Product_1290,42.23
Store_1,Product_1291,76.9
Store_2,Product_1292,70.08
Store_3,Product_1293,31.38
Store_4,Product_1294,88.88
Store_5,Product_1295,3.03
Store_1,Product_1296,56.02
Store_2,Product_1297,10.82
Store_3,Product_1298,37.14
Store_4,Product_1299,47.52
Store_5,Product_1300,7.08
Store_1,Product_1301,76.63
Store_2,Product_1302,80.26
Store_3,Product_1303,92.19
Store_4,Product_1304,5.54
Store_5,Product_1305,50.0
Store_1,Product_1306,28.29
Store_2,Product_1307,21.9
Store_3,Product_1308,6.48
Store_4,Product_1309,1.48
Store_5,Product_1310,7.53
Store_1,Product_1311,70.09
Store_2,Product_1312,57.13
Store_3,Product_1313,13.12
Store_4,Product_1314,91.12
Store_5,Product_1315,82.23
Store_1,Product_1316,22.17
Store_2,Product_1317,29.53
Store_3,Product_1318,55.7
Store_4,Product_1319,54.73
Store_5,Product_1320,28.63
Store_1,Product_1321,86.53
Store_2,Product_1322,65.21
Store_3,Product_1323,68.17
Store_4,Product_1324,98.17
Store_5,Product_1325,8.98
Store_1,Product_1326,74.08
Store_2,Product_1327,70.37
Store_3,Product_1328,72.66
Store_4,Product_1329,74.48
Store_5,Product_1330,75.85
Store_1,Product_1331,59.95
Store_2,Product_1332,57.1
Store_3,Product_1333,79.37
Store_4,Product_1334,53.92
Store_5,Product_1335,1.07
Store_1,Product_1336,89.9
Store_2,Product_1337,41.02
Store_3,Product_1338,58.84
Store_4,Product_1339,47.14
Store_5,Product_1340,17.36
Store_1,Product_1341,37.92
Store_2,Product_1342,78.19
Store_3,Product_1343,36.46
Store_4,Product_1344,92.11
Store_5,Product_1345,27.99
Store_1,Product_1346,88.97
Store_2,Product_1347,73.95
Store_3,Product_1348,51.13
Store_4,Product_1349,26.11
Store_5,Product_1350,31.71
Store_1,Product_1351,3.93
Store_2,Product_1352,76.53
Store_3,Product_1353,76.38
Store_4,Product_1354,92.59
Store_5,Product_1355,61.14
Store_1,Product_1356,12.14
Store_2,Product_1357,27.91
Store_3,Product_1358,23.2
Store_4,Product_1359,91.1
Store_5,Product_1360,19.9
Store_1,Product_1361,22.0
Store_2,Product_1362,33.5
Store_3,Product_1363,50.55
Store_4,Product_1364,33.41
Store_5,Product_1365,78.5
Store_1,Product_1366,78.0
Store_2,Product_1367,16.38
Store_3,Product_1368,51.31
Store_4,Product_1369,75.77
Store_5,Product_1370,98.67
Store_1,Product_1371,35.23
Store_2,Product_1372,53.68
Store_3,Product_1373,99.11
Store_4,Product_1374,46.06
Store_5,Product_1375,85.54
Store_1,Product_1376,41.54
Store_2,Product_1377,49.29
Store_3,Product_1378,31.68
Store_4,Product_1379,98.65
Store_5,Product_1380,51.03
Store_1,Product_1381,50.42
Store_2,Product_1382,93.07
Store_3,Product_1383,30.57
Store_4,Product_1384,85.98
Store_5,Product_1385,43.6
Store_1,Product_1386,10.12
Store_2,Product_1387,17.89
Store_3,Product_1388,87.18
Store_4,Product_1389,39.92
Store_5,Product_1390,38.99
Store_1,Product_1391,57.91
Store_2,Product_1392,14.04
Store_3,Product_1393,74.13
Store_4,Product_1394,58.46
Store_5,Product_1395,63.89
Store_1,Product_1396,40.49
Store_2,Product_1397,98.89
Store_3,Product_1398,21.83
Store_4,Product_1399,37.19
Store_5,Product_1400,77.73
Store_1,Product_1401,84.16
Store_2,Product_1402,53.64
Store_3,Product_1403,24.8
Store_4,Product_1404,16.83
Store_5,Product_1405,86.4
Store_1,Product_1406,38.89
Store_2,Product_1407,93.8
Store_3,Product_1408,19.04
Store_4,Product_1409,58.2
Store_5,Product_1410,17.21
Store_1,Product_1411,16.41
Store_2,Product_1412,45.03
Store_3,Product_1413,87.38
Store_4,Product_1414,52.84
Store_5,Product_1415,76.78
Store_1,Product_1416,78.34
Store_2,Product_1417,65.85
Store_3,Product_1418,55.57
Store_4,Product_1419,16.02
Store_5,Product_1420,49.67
Store_1,Product_1421,49.93
Store_2,Product_1422,61.79
Store_3,Product_1423,73.14
Store_4,Product_1424,92.21
Store_5,Product_1425,42.95
Store_1,Product_1426,28.02
Store_2,Product_1427,23.08
Store_3,Product_1428,23.53
Store_4,Product_1429,45.45
Store_5,Product_1430,57.3
Store_1,Product_1431,75.19
Store_2,Product_1432,69.82
Store_3,Product_1433,7.61
Store_4,Product_1434,1.7
Store_5,Product_1435,87.61
Store_1,Product_1436,24.33
Store_2,Product_1437,70.87
Store_3,Product_1438,31.8
Store_4,Product_1439,20.12
Store_5,Product_1440,20.45
Store_1,Product_1441,21.13
Store_2,Product_1442,78.16
Store_3,Product_1443,81.13
Store_4,Product_1444,9.87
Store_5,Product_1445,54.24
Store_1,Product_1446,89.99
Store_2,Product_1447,9.76
Store_3,Product_1448,50.96
Store_4,Product_1449,71.49
Store_5,Product_1450,32.26
Store_1,Product_1451,50.78
Store_2,Product_1452,51.19
Store_3,Product_1453,34.66
Store_4,Product_1454,5.72
Store_5,Product_1455,34.81
Store_1,Product_1456,98.59
Store_2,Product_1457,49.27
Store_3,Product_1458,73.7
Store_4,Product_1459,53.37
Store_5,Product_1460,35.03
Store_1,Product_1461,74.64
Store_2,Product_1462,84.27
Store_3,Product_1463,99.04
Store_4,Product_1464,11.92
Store_5,Product_1465,56.04
Store_1,Product_1466,40.03
Store_2,Product_1467,83.88
Store_3,Product_1468,10.93
Store_4,Product_1469,26.44
Store_5,Product_1470,70.37
Store_1,Product_1471,86.24
Store_2,Product_1472,64.01
Store_3,Product_1473,77.47
Store_4,Product_1474,94.04
Store_5,Product_1475,56.99
Store_1,Product_1476,39.72
Store_2,Product_1477,57.8
Store_3,Product_1478,48.48
Store_4,Product_1479,99.14
Store_5,Product_1480,2.57
Store_1,Product_1481,78.53
Store_2,Product_1482,83.71
Store_3,Product_1483,17.73
Store_4,Product_1484,14.4
Store_5,Product_1485,55.77
Store_1,Product_1486,49.86
Store_2,Product_1487,75.81
Store_3,Product_1488,39.56
Store_4,Product_1489,2.9
Store_5,Product_1490,27.82
Store_1,Product_1491,8.52
Store_2,Product_1492,62.88
Store_3,Product_1493,21.56
Store_4,Product_1494,69.58
Store_5,Product_1495,13.67
Store_1,Product_1496,11.95
Store_2,Product_1497,8.89
Store_3,Product_1498,18.41
Store_4,Product_1499,93.91
Store_5,Product_1500,33.77
Store_1,Product_1501,95.78
Store_2,Product_1502,44.62
Store_3,Product_1503,67.32
Store_4,Product_1504,15.75
Store_5,Product_1505,35.5
Store_1,Product_1506,90.37
Store_2,Product_1507,68.0
Store_3,Product_1508,8.43
Store_4,Product_1509,74.04
Store_5,Product_1510,42.72
Store_1,Product_1511,99.11
Store_2,Product_1512,15.23
Store_3,Product_1513,31.37
Store_4,Product_1514,8.16
Store_5,Product_1515,7.4
Store_1,Product_1516,51.42
Store_2,Product_1517,10.05
Store_3,Product_1518,51.81
Store_4,Product_1519,21.28
Store_5,Product_1520,35.09
Store_1,Product_1521,62.08
Store_2,Product_1522,33.05
Store_3,Product_1523,2.19
Store_4,Product_1524,96.03
Store_5,Product_1525,76.24
Store_1,Product_1526,73.78
Store_2,Product_1527,57.27
Store_3,Product_1528,79.58
Store_4,Product_1529,40.79
Store_5,Product_1530,47.4
Store_1,Product_1531,17.82
Store_2,Product_1532,75.39
Store_3,Product_1533,65.74
Store_4,Product_1534,93.66
Store_5,Product_1535,48.78
Store_1,Product_1536,20.36
Store_2,Product_1537,35.78
Store_3,Product_1538,64.33
Store_4,Product_1539,3.39
Store_5,Product_1540,90.25
Store_1,Product_1541,14.81
Store_2,Product_1542,3.25
Store_3,Product_1543,91.5
Store_4,Product_1544,89.85
Store_5,Product_1545,80.61
Store_1,Product_1546,3.06
Store_2,Product_1547,1.28
Store_3,Product_1548,66.59
Store_4,Product_1549,87.16
Store_5,Product_1550,16.24
Store_1,Product_1551,33.19
Store_2,Product_1552,79.03
Store_3,Product_1553,77.05
Store_4,Product_1554,12.77
Store_5,Product_1555,36.88
Store_1,Product_1556,91.92
Store_2,Product_1557,47.66
Store_3,Product_1558,21.22
Store_4,Product_1559,67.19
Store_5,Product_1560,83.42
Store_1,Product_1561,63.08
Store_2,Product_1562,16.78
Store_3,Product_1563,66.13
Store_4,Product_1564,74.11
Store_5,Product_1565,90.18
Store_1,Product_1566,33.22
Store_2,Product_1567,42.22
Store_3,Product_1568,23.07
Store_4,Product_1569,41.49
Store_5,Product_1570,22.03
Store_1,Product_1571,65.39
Store_2,Product_1572,77.45
Store_3,Product_1573,70.96
Store_4,Product_1574,53.77
Store_5,Product_1575,8.41
Store_1,Product_1576,75.76
Store_2,Product_1577,28.68
Store_3,Product_1578,85.56
Store_4,Product_1579,72.36
Store_5,Product_1580,13.61
Store_1,Product_1581,2.3
Store_2,Product_1582,80.96
Store_3,Product_1583,46.49
Store_4,Product_1584,96.43
Store_5,Product_1585,53.5
Store_1,Product_1586,25.57
Store_2,Product_1587,25.89
Store_3,Product_1588,27.53
Store_4,Product_1589,15.47
Store_5,Product_1590,55.7
Store_1,Product_1591,88.37
Store_2,Product_1592,7.35
Store_3,Product_1593,14.39
Store_4,Product_1594,1.31
Store_5,Product_1595,8.8
Store_1,Product_1596,2.16
Store_2,Product_1597,59.56
Store_3,Product_1598,47.42
Store_4,Product_1599,72.93
Store_5,Product_1600,64.35
Store_1,Product_1601,55.88
Store_2,Product_1602,64.12
Store_3,Product_1603,82.84
Store_4,Product_1604,75.25
Store_5,Product_1605,12.76
Store_1,Product_1606,65.17
Store_2,Product_1607,10.91
Store_3,Product_1608,26.46
Store_4,Product_1609,3.28
Store_5,Product_1610,27.64
Store_1,Product_1611,97.26
Store_2,Product_1612,90.89
Store_3,Product_1613,18.87
Store_4,Product_1614,57.91
Store_5,Product_1615,69.6
Store_1,Product_1616,16.43
Store_2,Product_1617,86.38
Store_3,Product_1618,70.49
Store_4,Product_1619,95.33
Store_5,Product_1620,60.03
Store_1,Product_1621,63.34
Store_2,Product_1622,98.0
Store_3,Product_1623,62.05
Store_4,Product_1624,48.57
Store_5,Product_1625,95.8
Store_1,Product_1626,51.53
Store_2,Product_1627,51.46
Store_3,Product_1628,18.04
Store_4,Product_1629,82.22
Store_5,Product_1630,77.05
Store_1,Product_1631,75.34
Store_2,Product_1632,2.62
Store_3,Product_1633,73.94
Store_4,Product_1634,38.13
Store_5,Product_1635,79.31
Store_1,Product_1636,33.75
Store_2,Product_1637,60.42
Store_3,Product_1638,83.7
Store_4,Product_1639,16.76
Store_5,Product_1640,78.85
Store_1,Product_1641,71.48
Store_2,Product_1642,17.74
Store_3,Product_1643,3.6
Store_4,Product_1644,26.47
Store_5,Product_1645,41.14
Store_1,Product_1646,77.87
Store_2,Product_1647,12.3
Store_3,Product_1648,13.27
Store_4,Product_1649,74.87
Store_5,Product_1650,59.13
Store_1,Product_1651,62.33
Store_2,Product_1652,90.41
Store_3,Product_1653,33.53
Store_4,Product_1654,99.99
Store_5,Product_1655,52.78
Store_1,Product_1656,61.59
Store_2,Product_1657,92.01
Store_3,Product_1658,3.99
Store_4,Product_1659,42.9
Store_5,Product_1660,97.24
Store_1,Product_1661,56.98
Store_2,Product_1662,25.21
Store_3,Product_1663,56.81
Store_4,Product_1664,85.18
Store_5,Product_1665,1.44
Store_1,Product_1666,87.39
Store_2,Product_1667,43.69
Store_3,Product_1668,47.58
Store_4,Product_1669,12.58
Store_5,Product_1670,61.83
Store_1,Product_1671,25.62
Store_2,Product_1672,49.03
Store_3,Product_1673,42.93
Store_4,Product_1674,79.47
Store_5,Product_1675,90.64
Store_1,Product_1676,50.11
Store_2,Product_1677,58.58
Store_3,Product_1678,39.94
Store_4,Product_1679,20.57
Store_5,Product_1680,99.66
Store_1,Product_1681,84.7
Store_2,Product_1682,91.22
Store_3,Product_1683,45.56
Store_4,Product_1684,10.47
Store_5,Product_1685,15.87
Store_1,Product_1686,74.8
Store_2,Product_1687,80.01
Store_3,Product_1688,96.86
Store_4,Product_1689,37.83
Store_5,Product_1690,30.8
Store_1,Product_1691,87.81
Store_2,Product_1692,68.85
Store_3,Product_1693,63.34
Store_4,Product_1694,48.59
Store_5,Product_1695,14.91
Store_1,Product_1696,10.66
Store_2,Product_1697,42.66
Store_3,Product_1698,59.87
Store_4,Product_1699,71.91
Store_5,Product_1700,93.93
Store_1,Product_1701,35.39
Store_2,Product_1702,82.06
Store_3,Product_1703,13.39
Store_4,Product_1704,43.6
Store_5,Product_1705,77.77
Store_1,Product_1706,14.11
Store_2,Product_1707,52.27
Store_3,Product_1708,14.19
Store_4,Product_1709,8.32
Store_5,Product_1710,55.51
Store_1,Product_1711,37.03
Store_2,Product_1712,54.91
Store_3,Product_1713,84.87
Store_4,Product_1714,20.93
Store_5,Product_1715,25.87
Store_1,Product_1716,65.77
Store_2,Product_1717,2.82
Store_3,Product_1718,66.16
Store_4,Product_1719,7.03
Store_5,Product_1720,54.01
Store_1,Product_1721,31.47
Store_2,Product_1722,75.17
Store_3,Product_1723,90.82
Store_4,Product_1724,46.59
Store_5,Product_1725,34.92
Store_1,Product_1726,65.21
Store_2,Product_1727,37.72
Store_3,Product_1728,75.04
Store_4,Product_1729,70.38
Store_5,Product_1730,93.82
Store_1,Product_1731,91.78
Store_2,Product_1732,79.47
Store_3,Product_1733,2.06
Store_4,Product_1734,61.83
Store_5,Product_1735,88.89
Store_1,Product_1736,10.22
Store_2,Product_1737,1.64
Store_3,Product_1738,93.76
Store_4,Product_1739,82.39
Store_5,Product_1740,52.83
Store_1,Product_1741,88.63
Store_2,Product_1742,38.49
Store_3,Product_1743,70.02
Store_4,Product_1744,82.09
Store_5,Product_1745,31.16
Store_1,Product_1746,64.76
Store_2,Product_1747,99.74
Store_3,Product_1748,91.31
Store_4,Product_1749,70.04
Store_5,Product_1750,82.27
Store_1,Product_1751,97.17
Store_2,Product_1752,40.67
Store_3,Product_1753,64.26
Store_4,Product_1754,79.98
Store_5,Product_1755,10.72
Store_1,Product_1756,21.56
Store_2,Product_1757,29.68
Store_3,Product_1758,96.49
Store_4,Product_1759,17.66
Store_5,Product_1760,9.31
Store_1,Product_1761,73.42
Store_2,Product_1762,61.31
Store_3,Product_1763,81.36
Store_4,Product_1764,30.64
Store_5,Product_1765,27.73
Store_1,Product_1766,86.43
Store_2,Product_1767,26.26
Store_3,Product_1768,62.49
Store_4,Product_1769,97.74
Store_5,Product_1770,1.53
Store_1,Product_1771,9.7
Store_2,Product_1772,94.61
Store_3,Product_1773,91.58
Store_4,Product_1774,19.36
Store_5,Product_1775,85.08
Store_1,Product_1776,81.15
Store_2,Product_1777,88.54
Store_3,Product_1778,72.85
Store_4,Product_1779,83.36
Store_5,Product_1780,74.08
Store_1,Product_1781,9.43
Store_2,Product_1782,65.94
Store_3,Product_1783,78.82
Store_4,Product_1784,35.08
Store_5,Product_1785,60.92
Store_1,Product_1786,53.42
Store_2,Product_1787,55.36
Store_3,Product_1788,63.35
Store_4,Product_1789,18.86
Store_5,Product_1790,47.13
Store_1,Product_1791,81.67
Store_2,Product_1792,22.44
Store_3,Product_1793,65.28
Store_4,Product_1794,87.77
Store_5,Product_1795,84.39
Store_1,Product_1796,75.42
Store_2,Product_1797,62.47
Store_3,Product_1798,70.23
Store_4,Product_1799,25.77
Store_5,Product_1800,96.62
Store_1,Product_1801,73.37
Store_2,Product_1802,46.17
Store_3,Product_1803,97.19
Store_4,Product_1804,2.92
Store_5,Product_1805,95.51
Store_1,Product_1806,21.13
Store_2,Product_1807,50.29
Store_3,Product_1808,45.45
Store_4,Product_1809,28.92
Store_5,Product_1810,58.64
Store_1,Product_1811,43.05
Store_2,Product_1812,62.63
Store_3,Product_1813,15.09
Store_4,Product_1814,47.08
Store_5,Product_1815,47.65
Store_1,Product_1816,6.36
Store_2,Product_1817,9.23
Store_3,Product_1818,68.82
Store_4,Product_1819,74.2
Store_5,Product_1820,31.73
Store_1,Product_1821,3.62
Store_2,Product_1822,59.41
Store_3,Product_1823,30.8
Store_4,Product_1824,6.2
Store_5,Product_1825,20.85
Store_1,Product_1826,67.39
Store_2,Product_1827,44.34
Store_3,Product_1828,79.96
Store_4,Product_1829,25.09
Store_5,Product_1830,21.82
Store_1,Product_1831,31.31
Store_2,Product_1832,88.87
Store_3,Product_1833,58.11
Store_4,Product_1834,34.08
Store_5,Product_1835,82.62
Store_1,Product_1836,61.46
Store_2,Product_1837,39.31
Store_3,Product_1838,71.39
Store_4,Product_1839,50.35
Store_5,Product_1840,42.91
Store_1,Product_1841,1.93
Store_2,Product_1842,20.94
Store_3,Product_1843,27.7
Store_4,Product_1844,97.28
Store_5,Product_1845,52.53
Store_1,Product_1846,9.15
Store_2,Product_1847,13.47
Store_3,Product_1848,51.1
Store_4,Product_1849,47.84
Store_5,Product_1850,78.59
Store_1,Product_1851,79.57
Store_2,Product_1852,74.65
Store_3,Product_1853,30.28
Store_4,Product_1854,35.0
Store_5,Product_1855,31.42
Store_1,Product_1856,97.38
Store_2,Product_1857,55.21
Store_3,Product_1858,9.87
Store_4,Product_1859,88.66
Store_5,Product_1860,34.68
Store_1,Product_1861,83.09
Store_2,Product_1862,45.91
Store_3,Product_1863,12.72
Store_4,Product_1864,11.25
Store_5,Product_1865,40.05
Store_1,Product_1866,35.62
Store_2,Product_1867,43.02
Store_3,Product_1868,23.03
Store_4,Product_1869,94.3
Store_5,Product_1870,62.38
Store_1,Product_1871,13.92
Store_2,Product_1872,6.86
Store_3,Product_1873,73.77
Store_4,Product_1874,35.72
Store_5,Product_1875,35.29
Store_1,Product_1876,70.09
Store_2,Product_1877,40.98
Store_3,Product_1878,55.03
Store_4,Product_1879,35.13
Store_5,Product_1880,60.55
Store_1,Product_1881,47.42
Store_2,Product_1882,89.42
Store_3,Product_1883,100.0
Store_4,Product_1884,14.09
Store_5,Product_1885,33.05
Store_1,Product_1886,69.49
Store_2,Product_1887,6.76
Store_3,Product_1888,12.7
Store_4,Product_1889,43.78
Store_5,Product_1890,17.61
Store_1,Product_1891,22.0
Store_2,Product_1892,61.21
Store_3,Product_1893,25.57
Store_4,Product_1894,92.61
Store_5,Product_1895,44.76
Store_1,Product_1896,93.99
Store_2,Product_1897,47.7
Store_3,Product_1898,75.35
Store_4,Product_1899,10.28
Store_5,Product_1900,27.79
Store_1,Product_1901,79.07
Store_2,Product_1902,26.17
Store_3,Product_1903,58.94
Store_4,Product_1904,66.33
Store_5,Product_1905,17.21
Store_1,Product_1906,21.32
Store_2,Product_1907,52.77
Store_3,Product_1908,57.59
Store_4,Product_1909,32.44
Store_5,Product_1910,13.75
Store_1,Product_1911,41.71
Store_2,Product_1912,18.34
Store_3,Product_1913,40.77
Store_4,Product_1914,9.4
Store_5,Product_1915,18.97
Store_1,Product_1916,64.77
Store_2,Product_1917,1.21
Store_3,Product_1918,42.98
Store_4,Product_1919,98.87
Store_5,Product_1920,98.46
Store_1,Product_1921,58.82
Store_2,Product_1922,70.38
Store_3,Product_1923,46.12
Store_4,Product_1924,18.58
Store_5,Product_1925,24.1
Store_1,Product_1926,27.17
Store_2,Product_1927,98.39
Store_3,Product_1928,71.16
Store_4,Product_1929,61.3
Store_5,Product_1930,32.21
Store_1,Product_1931,54.52
Store_2,Product_1932,11.82
Store_3,Product_1933,90.0
Store_4,Product_1934,17.09
Store_5,Product_1935,2.63
Store_1,Product_1936,91.9
Store_2,Product_1937,40.96
Store_3,Product_1938,56.91
Store_4,Product_1939,74.9
Store_5,Product_1940,94.57
Store_1,Product_1941,98.97
Store_2,Product_1942,43.59
Store_3,Product_1943,20.09
Store_4,Product_1944,63.83
Store_5,Product_1945,68.94
Store_1,Product_1946,96.46
Store_2,Product_1947,74.59
Store_3,Product_1948,52.33
Store_4,Product_1949,48.6
Store_5,Product_1950,28.46
Store_1,Product_1951,76.49
Store_2,Product_1952,53.88
Store_3,Product_1953,16.94
Store_4,Product_1954,30.86
Store_5,Product_1955,50.0
Store_1,Product_1956,78.82
Store_2,Product_1957,41.25
Store_3,Product_1958,44.2
Store_4,Product_1959,14.5
Store_5,Product_1960,28.75
Store_1,Product_1961,90.92
Store_2,Product_1962,55.82
Store_3,Product_1963,57.61
Store_4,Product_1964,14.99
Store_5,Product_1965,26.53
Store_1,Product_1966,14.81
Store_2,Product_1967,22.55
Store_3,Product_1968,68.89
Store_4,Product_1969,53.69
Store_5,Product_1970,85.14
Store_1,Product_1971,30.0
Store_2,Product_1972,30.34
Store_3,Product_1973,67.73
Store_4,Product_1974,18.38
Store_5,Product_1975,89.02
Store_1,Product_1976,51.67
Store_2,Product_1977,65.67
Store_3,Product_1978,64.7
Store_4,Product_1979,98.12
Store_5,Product_1980,5.71
Store_1,Product_1981,52.9
Store_2,Product_1982,88.32
Store_3,Product_1983,33.77
Store_4,Product_1984,61.8
Store_5,Product_1985,53.47
Store_1,Product_1986,8.26
Store_2,Product_1987,77.21
Store_3,Product_1988,45.81
Store_4,Product_1989,67.46
Store_5,Product_1990,95.99
Store_1,Product_1991,39.03
Store_2,Product_1992,70.54
Store_3,Product_1993,64.97
Store_4,Product_1994,76.7
Store_5,Product_1995,25.15
Store_1,Product_1996,9.63
Store_2,Product_1997,85.49
Store_3,Product_1998,4.26
Store_4,Product_1999,31.31
Store_5,Product_2000,53.69
